{"stats":{"minecraft:picked_up":{"minecraft:birch_log":59,"minecraft:crafting_table":5,"quark:orange_corundum":1,"minecraft:andesite":2,"minecraft:leather":5,"minecraft:flint":1,"minecraft:tuff":1,"minecraft:lapis_lazuli":47,"minecraft:dirt":36,"minecraft:wheat_seeds":1,"minecraft:cobbled_deepslate":27,"minecraft:raw_gold":8,"minecraft:beef":9,"samurai_dynasty:onyx":3,"minecraft:birch_sapling":26,"quark:orange_corundum_cluster":2,"minecraft:dark_oak_sapling":4,"minecraft:stick":10,"minecraft:raw_iron":36,"minecraft:torch":1,"minecraft:gravel":30,"minecraft:porkchop":15,"minecraft:diorite":10,"minecraft:redstone":26,"minecraft:dark_oak_log":46,"minecraft:arrow":2,"minecraft:mutton":2,"minecraft:coal":10,"minecraft:white_wool":2,"minecraft:cobblestone":227},"minecraft:broken":{"minecraft:stone_pickaxe":1,"minecraft:wooden_pickaxe":1},"minecraft:custom":{"minecraft:interact_with_furnace":31,"minecraft:mob_kills":17,"minecraft:interact_with_crafting_table":20,"minecraft:time_since_death":62871,"minecraft:time_since_rest":62871,"minecraft:sprint_one_cm":137370,"minecraft:damage_taken":100,"minecraft:walk_one_cm":112950,"minecraft:drop":1,"minecraft:damage_dealt":1961,"minecraft:swim_one_cm":1437,"minecraft:fly_one_cm":47911,"minecraft:open_chest":7,"minecraft:crouch_one_cm":2343,"minecraft:play_time":62871,"minecraft:sneak_time":1162,"minecraft:walk_under_water_one_cm":3247,"minecraft:jump":470,"minecraft:walk_on_water_one_cm":5614,"minecraft:total_world_time":62871,"minecraft:fall_one_cm":4904},"minecraft:dropped":{"minecraft:birch_sapling":1},"minecraft:crafted":{"minecraft:cooked_beef":9,"minecraft:stone_shovel":1,"minecraft:crafting_table":2,"minecraft:wooden_pickaxe":1,"minecraft:iron_helmet":1,"minecraft:iron_sword":1,"minecraft:furnace":4,"minecraft:birch_planks":64,"minecraft:stone_axe":1,"quark:dark_oak_chest":2,"minecraft:iron_boots":1,"minecraft:iron_chestplate":1,"minecraft:charcoal":11,"minecraft:shield":1,"minecraft:stick":24,"simple_weapons:iron_greatsword":1,"minecraft:iron_ingot":36,"minecraft:iron_pickaxe":1,"minecraft:stone_pickaxe":2,"minecraft:stone_sword":1,"minecraft:gold_ingot":8,"minecraft:iron_leggings":1,"minecraft:dark_oak_planks":84,"minecraft:torch":52},"minecraft:killed":{"minecraft:pig":8,"minecraft:creeper":1,"minecraft:skeleton":2,"minecraft:sheep":2,"minecraft:cow":4},"minecraft:used":{"minecraft:stone_sword":43,"minecraft:stone_shovel":18,"minecraft:stone_pickaxe":220,"minecraft:wooden_pickaxe":59,"minecraft:iron_chestplate":1,"minecraft:torch":20,"minecraft:dirt":3,"minecraft:crafting_table":7,"minecraft:iron_pickaxe":65,"minecraft:iron_helmet":1,"minecraft:iron_boots":1,"minecraft:gravel":27,"minecraft:stone_axe":115,"quark:dark_oak_chest":2,"minecraft:cobblestone":56,"minecraft:furnace":4,"minecraft:birch_log":1,"alexsmobs:animal_dictionary":1,"minecraft:cooked_beef":4,"minecraft:cobbled_deepslate":1,"minecraft:iron_leggings":1,"minecraft:dark_oak_sapling":4},"minecraft:mined":{"minecraft:deepslate_redstone_ore":6,"minecraft:tuff":1,"minecraft:dark_oak_log":48,"minecraft:crafting_table":5,"minecraft:torch":1,"minecraft:grass_block":13,"minecraft:cobblestone":7,"minecraft:deepslate_coal_ore":1,"minecraft:deepslate_gold_ore":8,"quark:orange_corundum_cluster":1,"minecraft:diorite":10,"quark:orange_corundum":1,"minecraft:birch_log":59,"minecraft:iron_ore":15,"minecraft:andesite":2,"minecraft:deepslate_lapis_ore":8,"minecraft:grass":6,"minecraft:coal_ore":10,"minecraft:deepslate_iron_ore":21,"minecraft:gravel":31,"minecraft:dirt":23,"minecraft:stone":220,"samurai_dynasty:deepslate_onyx_ore":3,"minecraft:deepslate":29}},"DataVersion":3465}