{"stats":{"minecraft:killed":{"alexsmobs:lobster":1,"minecraft:cave_spider":1,"minecraft:witch":1,"minecraft:spider":8,"minecraft:skeleton":6,"minecraft:piglin":1,"minecraft:pig":14,"minecraft:creeper":1,"alexsmobs:crimson_mosquito":4,"minecraft:sheep":10,"minecraft:zombie":28,"enemyexpansion:botfly":11,"minecraft:cow":16,"enemyexpansion:direwolf":1,"minecraft:phantom":1,"alexsmobs:flying_fish":1,"enemyexpansion:slugger":9},"minecraft:used":{"minecraft:writable_book":1,"minecraft:shield":46,"minecraft:iron_sword":266,"minecraft:iron_chestplate":1,"minecraft:obsidian":12,"minecraft:lantern":9,"minecraft:iron_helmet":1,"minecraft:stone_bricks":8,"minecraft:item_frame":1,"minecraft:bow":2,"quark:birch_bookshelf":37,"minecraft:oak_sapling":1,"minecraft:furnace":4,"minecraft:egg":4,"minecraft:dark_oak_sapling":4,"minecraft:diamond_boots":1,"minecraft:stone_pickaxe":265,"minecraft:wooden_pickaxe":59,"minecraft:white_wool":2,"simple_weapons:diamond_scimitar":17,"minecraft:blast_furnace":4,"simple_weapons:iron_scimitar":31,"minecraft:bread":49,"minecraft:gravel":27,"ecologics:coconut_slice":2,"minecraft:andesite":3,"minecraft:birch_log":1,"minecraft:experience_bottle":8,"minecraft:enchanting_table":1,"minecraft:stone_sword":43,"minecraft:stone_shovel":52,"minecraft:torch":85,"simple_weapons:stone_scimitar":129,"minecraft:dirt":3,"minecraft:anvil":2,"minecraft:diamond_helmet":2,"minecraft:spruce_fence":1,"minecraft:iron_hoe":37,"minecraft:iron_axe":145,"minecraft:iron_boots":1,"minecraft:diamond_chestplate":2,"minecraft:cooked_beef":7,"minecraft:cobbled_deepslate":129,"minecraft:iron_leggings":1,"minecraft:water_bucket":2,"minecraft:birch_boat":14,"minecraft:crafting_table":17,"minecraft:white_bed":2,"minecraft:diamond_pickaxe":77,"minecraft:iron_pickaxe":767,"minecraft:stone_axe":142,"quark:dark_oak_chest":2,"minecraft:cobblestone":196,"minecraft:cooked_porkchop":6,"minecraft:bucket":4,"alexsmobs:animal_dictionary":1,"minecraft:diamond_leggings":1},"minecraft:mined":{"minecraft:cherry_log":16,"minecraft:brewing_stand":1,"minecraft:obsidian":4,"minecraft:granite":3,"minecraft:grass_block":13,"quark:yellow_corundum":3,"minecraft:coal_block":108,"minecraft:spawner":1,"minecraft:iron_ore":49,"minecraft:cobbled_deepslate":4,"minecraft:pumpkin":1,"minecraft:deepslate_lapis_ore":14,"minecraft:anvil":1,"minecraft:oak_stairs":14,"minecraft:iron_block":4,"minecraft:deepslate_redstone_ore":14,"minecraft:smoker":1,"minecraft:torch":2,"minecraft:blast_furnace":6,"minecraft:cobblestone":21,"minecraft:potted_oak_sapling":1,"minecraft:sugar_cane":3,"minecraft:oak_planks":3,"minecraft:amethyst_block":2,"minecraft:cauldron":1,"minecraft:skeleton_skull":1,"minecraft:repeater":1,"minecraft:birch_log":92,"minecraft:wheat":1,"samurai_dynasty:deepslate_silver_ore":19,"samurai_dynasty:deepslate_jade_ore":13,"samurai_dynasty:deepslate_ruby_ore":1,"samurai_dynasty:silver_ore":3,"minecraft:grass":10,"minecraft:sand":28,"minecraft:dirt":30,"quark:yellow_corundum_cluster":1,"minecraft:raw_copper_block":1,"minecraft:oak_leaves":7,"minecraft:deepslate":237,"minecraft:daylight_detector":4,"minecraft:tuff":6,"samurai_dynasty:deepslate_aquamarine_ore":4,"minecraft:dark_oak_leaves":1,"minecraft:deepslate_diamond_ore":5,"minecraft:dark_oak_log":48,"minecraft:spruce_fence":5,"quark:orange_corundum_cluster":1,"minecraft:hay_block":35,"minecraft:redstone_ore":1,"minecraft:furnace":1,"quark:orange_corundum":1,"minecraft:andesite":5,"minecraft:gold_block":1,"minecraft:bookshelf":43,"minecraft:deepslate_iron_ore":108,"minecraft:lantern":1,"minecraft:stone":267,"samurai_dynasty:deepslate_onyx_ore":7,"minecraft:white_wool":9,"minecraft:smithing_table":1,"minecraft:oak_slab":5,"minecraft:scaffolding":5,"minecraft:brown_carpet":2,"minecraft:oak_fence":3,"minecraft:crafting_table":13,"minecraft:lectern":1,"minecraft:campfire":12,"minecraft:tall_grass":6,"minecraft:copper_ore":6,"minecraft:deepslate_coal_ore":1,"minecraft:lapis_ore":5,"minecraft:deepslate_gold_ore":66,"minecraft:diorite":15,"minecraft:birch_leaves":1,"minecraft:coal_ore":81,"minecraft:zombie_head":1,"minecraft:gravel":31,"minecraft:cobweb":34,"minecraft:stone_bricks":59,"minecraft:chipped_anvil":1},"minecraft:broken":{"simple_weapons:stone_scimitar":1,"minecraft:stone_pickaxe":2,"minecraft:stone_axe":1,"minecraft:wooden_pickaxe":1,"minecraft:iron_pickaxe":1},"minecraft:picked_up":{"quark:orange_corundum":11,"minecraft:flower_pot":1,"minecraft:anvil":1,"minecraft:smithing_table":1,"minecraft:oak_stairs":21,"minecraft:enchanted_book":2,"minecraft:brewing_stand":1,"minecraft:amethyst_block":2,"minecraft:string":41,"minecraft:raw_copper":21,"minecraft:armor_stand":6,"minecraft:zombie_head":1,"minecraft:experience_bottle":8,"alexsmobs:blood_sac":1,"minecraft:cobbled_deepslate":240,"samurai_dynasty:raw_silver":22,"samurai_dynasty:onyx":7,"minecraft:iron_pickaxe":2,"minecraft:coal_block":108,"minecraft:furnace":1,"minecraft:golden_helmet":1,"minecraft:stick":31,"minecraft:oak_fence":3,"minecraft:torch":2,"quark:yellow_corundum_cluster":6,"minecraft:porkchop":27,"minecraft:cherry_log":5,"minecraft:pointed_dripstone":4,"minecraft:diorite":12,"minecraft:cauldron":1,"minecraft:brown_carpet":4,"minecraft:rotten_flesh":33,"minecraft:iron_block":4,"minecraft:obsidian":5,"alexsmobs:flying_fish":5,"minecraft:cobblestone":293,"minecraft:birch_log":92,"minecraft:leather_chestplate":3,"minecraft:feather":2,"minecraft:cooked_beef":2,"minecraft:repeater":3,"minecraft:andesite":5,"minecraft:golden_leggings":1,"minecraft:smoker":1,"minecraft:flint":2,"minecraft:tuff":6,"alexsmobs:rocky_shell":1,"minecraft:lapis_lazuli":125,"minecraft:dirt":43,"minecraft:lantern":13,"minecraft:leather_boots":1,"minecraft:chipped_anvil":1,"minecraft:bone":14,"ecologics:music_disc_coconut":1,"minecraft:bow":3,"minecraft:wheat_seeds":3,"minecraft:raw_gold":68,"minecraft:cooked_porkchop":4,"minecraft:sand":40,"sophisticatedbackpacks:iron_backpack":1,"minecraft:dark_oak_log":46,"quark:red_corundum":3,"minecraft:diamond":5,"minecraft:writable_book":2,"minecraft:granite":3,"minecraft:emerald":11,"minecraft:bread":4,"immersive_armors:divine_helmet":3,"minecraft:oak_sapling":2,"minecraft:diamond_pickaxe":1,"minecraft:charcoal":24,"minecraft:crafting_table":13,"minecraft:leather_leggings":2,"minecraft:gold_block":1,"minecraft:shield":4,"minecraft:flint_and_steel":1,"minecraft:item_frame":7,"minecraft:beef":34,"minecraft:iron_nugget":5,"minecraft:lectern":1,"minecraft:sugar_cane":7,"minecraft:birch_sapling":36,"samurai_dynasty:aquamarine":4,"quark:orange_corundum_cluster":18,"minecraft:egg":5,"minecraft:dark_oak_sapling":4,"minecraft:raw_iron":168,"ecologics:coconut_slice":15,"minecraft:spruce_fence":3,"minecraft:carrot":1,"minecraft:redstone":67,"minecraft:prismarine_crystals":4,"quark:yellow_corundum":3,"minecraft:arrow":111,"minecraft:diamond_boots":2,"minecraft:hay_block":35,"minecraft:gold_ingot":2,"minecraft:mutton":13,"minecraft:bone_block":14,"minecraft:skeleton_skull":1,"minecraft:white_wool":16,"minecraft:glow_ink_sac":1,"samurai_dynasty:ruby":1,"minecraft:leather":17,"samurai_dynasty:jade":13,"minecraft:chainmail_chestplate":11,"minecraft:gunpowder":3,"minecraft:golden_boots":1,"alexsmobs:mosquito_proboscis":3,"minecraft:paper":2,"minecraft:cooked_mutton":4,"minecraft:apple":1,"minecraft:stone_bricks":42,"minecraft:iron_ingot":17,"minecraft:stone_pickaxe":1,"minecraft:glass_bottle":2,"minecraft:iron_sword":7,"minecraft:book":131,"minecraft:scaffolding":5,"quark:red_corundum_cluster":3,"minecraft:birch_boat":15,"minecraft:pumpkin":1,"minecraft:daylight_detector":3,"minecraft:gravel":30,"minecraft:blast_furnace":6,"minecraft:crying_obsidian":1,"minecraft:spider_eye":1,"minecraft:leather_helmet":3,"minecraft:firework_rocket":1,"minecraft:slime_ball":1,"minecraft:chainmail_leggings":3,"minecraft:cherry_sapling":12,"minecraft:coal":210,"minecraft:ender_pearl":2},"minecraft:crafted":{"minecraft:birch_wood":3,"quark:birch_chest":1,"minecraft:birch_boat":1,"minecraft:cooked_mutton":11,"minecraft:diamond_helmet":1,"minecraft:diamond_leggings":1,"minecraft:iron_boots":1,"simple_weapons:stone_sickle":1,"sophisticatedbackpacks:backpack":1,"minecraft:emerald":105,"minecraft:cooked_porkchop":11,"minecraft:crafting_table":4,"minecraft:wooden_pickaxe":1,"minecraft:iron_helmet":1,"minecraft:chainmail_chestplate":12,"minecraft:fletching_table":1,"minecraft:birch_planks":324,"minecraft:iron_chestplate":1,"minecraft:charcoal":11,"minecraft:diamond_pickaxe":1,"minecraft:shield":7,"minecraft:stick":76,"minecraft:iron_ingot":198,"minecraft:iron_pickaxe":5,"simple_weapons:iron_greatsword":1,"minecraft:iron_block":3,"minecraft:stone_sword":1,"minecraft:gold_ingot":17,"simple_weapons:iron_scimitar":1,"minecraft:coal":972,"minecraft:stone_shovel":1,"minecraft:furnace":4,"quark:dark_oak_chest":2,"minecraft:iron_axe":1,"minecraft:iron_hoe":1,"minecraft:stone_pickaxe":2,"minecraft:dark_oak_planks":116,"quark:birch_bookshelf":38,"sophisticatedbackpacks:iron_backpack":2,"simple_weapons:diamond_scimitar":1,"minecraft:cooked_beef":27,"minecraft:enchanting_table":1,"minecraft:iron_sword":1,"minecraft:bucket":1,"minecraft:stone_axe":1,"simple_weapons:stone_scimitar":1,"minecraft:golden_apple":1,"minecraft:iron_leggings":1,"minecraft:anvil":1,"minecraft:white_bed":2,"minecraft:torch":120,"minecraft:diamond_chestplate":1},"minecraft:dropped":{"sophisticatedbackpacks:iron_backpack":1,"minecraft:iron_sword":5,"minecraft:cooked_beef":19,"minecraft:glow_ink_sac":1,"ecologics:music_disc_coconut":2,"immersive_armors:divine_helmet":2,"minecraft:diamond":3,"ecologics:coconut_slice":9,"minecraft:fletching_table":1,"minecraft:leather_helmet":3,"minecraft:flint":2,"minecraft:emerald":8,"alexsmobs:flying_fish":2,"minecraft:sand":20,"minecraft:iron_pickaxe":2,"minecraft:white_wool":1,"minecraft:gold_ingot":1,"minecraft:armor_stand":2,"minecraft:bone":7,"minecraft:iron_nugget":5,"minecraft:golden_chestplate":1,"minecraft:cobbled_deepslate":3,"minecraft:birch_sapling":1,"minecraft:obsidian":1,"minecraft:rotten_flesh":30,"minecraft:cooked_mutton":11,"minecraft:chainmail_chestplate":23,"minecraft:leather_chestplate":3,"minecraft:gunpowder":1,"minecraft:leather_boots":1,"ecologics:coconut_husk":2,"minecraft:leather_leggings":2,"minecraft:arrow":51,"quark:orange_corundum":10,"minecraft:egg":1,"minecraft:golden_boots":2,"minecraft:enchanted_book":1,"minecraft:iron_ingot":32,"minecraft:bread":45,"simple_weapons:iron_scimitar":2,"minecraft:wheat_seeds":2,"minecraft:cherry_log":5,"quark:orange_corundum_cluster":16,"minecraft:oak_fence":3,"minecraft:iron_helmet":2,"minecraft:feather":2,"minecraft:cobblestone":14,"minecraft:prismarine_crystals":4,"minecraft:book":1,"minecraft:amethyst_block":2,"minecraft:granite":2,"minecraft:golden_apple":1,"minecraft:coal":76,"minecraft:stick":48,"minecraft:diorite":2,"minecraft:torch":14,"minecraft:repeater":3,"minecraft:melon_slice":6,"minecraft:zombie_head":1,"minecraft:iron_leggings":1,"minecraft:oak_stairs":21,"minecraft:pumpkin":1,"minecraft:chainmail_leggings":3,"minecraft:paper":3,"minecraft:tuff":5,"quark:red_corundum_cluster":3,"minecraft:iron_boots":1,"minecraft:spruce_fence":2,"minecraft:filled_map":1,"minecraft:potato":6,"minecraft:shield":9,"minecraft:flower_pot":1,"minecraft:diamond_pickaxe":1,"minecraft:iron_chestplate":1,"minecraft:golden_leggings":1,"minecraft:oak_sapling":2,"minecraft:stone_bricks":34,"minecraft:brown_carpet":4,"minecraft:diamond_boots":1,"minecraft:slime_ball":1,"minecraft:birch_boat":1,"minecraft:bow":1,"minecraft:raw_gold":3,"quark:red_corundum":3},"minecraft:custom":{"minecraft:animals_bred":1,"minecraft:interact_with_crafting_table":61,"minecraft:open_barrel":8,"minecraft:eat_cake_slice":2,"minecraft:leave_game":5,"minecraft:time_since_death":423353,"minecraft:sprint_one_cm":958869,"minecraft:damage_blocked_by_shield":4155,"minecraft:drop":194,"minecraft:talked_to_villager":64,"minecraft:play_time":423353,"minecraft:jump":2709,"minecraft:enchant_item":3,"minecraft:walk_on_water_one_cm":69910,"minecraft:interact_with_furnace":42,"minecraft:traded_with_villager":129,"minecraft:interact_with_loom":1,"minecraft:sleep_in_bed":2,"minecraft:damage_dealt":17828,"minecraft:crouch_one_cm":14619,"minecraft:horse_one_cm":8924,"minecraft:interact_with_smithing_table":3,"minecraft:mob_kills":119,"minecraft:interact_with_anvil":6,"minecraft:interact_with_campfire":8,"minecraft:damage_dealt_resisted":142,"minecraft:climb_one_cm":16315,"minecraft:walk_one_cm":803820,"minecraft:sneak_time":6922,"minecraft:walk_under_water_one_cm":21883,"minecraft:interact_with_blast_furnace":22,"minecraft:total_world_time":423353,"minecraft:time_since_rest":57709,"minecraft:damage_taken":2299,"minecraft:swim_one_cm":22645,"minecraft:fly_one_cm":372883,"minecraft:open_chest":91,"minecraft:fall_one_cm":51576}},"DataVersion":3465}