{"stats":{"minecraft:picked_up":{"minecraft:flower_pot":1,"quark:orange_corundum":1,"minecraft:anvil":1,"minecraft:smithing_table":1,"minecraft:oak_stairs":21,"minecraft:enchanted_book":1,"minecraft:string":41,"minecraft:raw_copper":21,"minecraft:armor_stand":6,"minecraft:experience_bottle":7,"minecraft:cobbled_deepslate":207,"samurai_dynasty:raw_silver":22,"samurai_dynasty:onyx":7,"minecraft:iron_pickaxe":2,"minecraft:coal_block":76,"minecraft:furnace":1,"minecraft:golden_helmet":1,"minecraft:stick":24,"minecraft:oak_fence":3,"minecraft:torch":2,"quark:yellow_corundum_cluster":6,"minecraft:porkchop":24,"minecraft:cherry_log":5,"minecraft:pointed_dripstone":4,"minecraft:diorite":12,"minecraft:cauldron":1,"minecraft:brown_carpet":4,"minecraft:rotten_flesh":27,"minecraft:iron_block":3,"minecraft:obsidian":3,"alexsmobs:flying_fish":2,"minecraft:cobblestone":287,"minecraft:birch_log":59,"minecraft:leather_chestplate":3,"minecraft:cooked_beef":2,"minecraft:andesite":5,"minecraft:golden_leggings":1,"minecraft:smoker":1,"minecraft:flint":1,"minecraft:tuff":4,"alexsmobs:rocky_shell":1,"minecraft:lapis_lazuli":123,"minecraft:dirt":43,"minecraft:lantern":10,"minecraft:leather_boots":1,"ecologics:music_disc_coconut":1,"minecraft:bone":14,"minecraft:chipped_anvil":1,"minecraft:bow":1,"minecraft:wheat_seeds":2,"minecraft:raw_gold":58,"minecraft:cooked_porkchop":4,"minecraft:sand":40,"minecraft:dark_oak_log":46,"minecraft:diamond":4,"minecraft:writable_book":1,"minecraft:granite":2,"minecraft:emerald":3,"minecraft:bread":2,"minecraft:oak_sapling":1,"immersive_armors:divine_helmet":2,"minecraft:crafting_table":12,"minecraft:leather_leggings":2,"minecraft:gold_block":1,"minecraft:shield":4,"minecraft:item_frame":7,"minecraft:beef":34,"minecraft:iron_nugget":4,"minecraft:lectern":1,"minecraft:sugar_cane":7,"minecraft:birch_sapling":26,"quark:orange_corundum_cluster":2,"minecraft:egg":2,"minecraft:dark_oak_sapling":4,"minecraft:raw_iron":151,"ecologics:coconut_slice":14,"minecraft:spruce_fence":2,"minecraft:carrot":1,"minecraft:redstone":67,"minecraft:prismarine_crystals":4,"quark:yellow_corundum":3,"minecraft:arrow":10,"minecraft:diamond_boots":2,"minecraft:hay_block":35,"minecraft:mutton":13,"minecraft:white_wool":15,"minecraft:skeleton_skull":1,"minecraft:bone_block":14,"minecraft:glow_ink_sac":1,"samurai_dynasty:ruby":1,"minecraft:leather":17,"samurai_dynasty:jade":13,"minecraft:chainmail_chestplate":11,"minecraft:golden_boots":1,"minecraft:gunpowder":2,"minecraft:paper":2,"minecraft:cooked_mutton":4,"minecraft:stone_bricks":16,"minecraft:stone_pickaxe":1,"minecraft:glass_bottle":2,"minecraft:iron_sword":6,"minecraft:book":130,"minecraft:scaffolding":5,"minecraft:birch_boat":15,"minecraft:pumpkin":1,"minecraft:gravel":30,"minecraft:blast_furnace":6,"minecraft:spider_eye":1,"minecraft:leather_helmet":3,"minecraft:firework_rocket":1,"minecraft:slime_ball":1,"minecraft:chainmail_leggings":3,"minecraft:cherry_sapling":12,"minecraft:coal":134,"minecraft:ender_pearl":1},"minecraft:broken":{"simple_weapons:stone_scimitar":1,"minecraft:stone_pickaxe":2,"minecraft:stone_axe":1,"minecraft:wooden_pickaxe":1,"minecraft:iron_pickaxe":1},"minecraft:custom":{"minecraft:animals_bred":1,"minecraft:interact_with_crafting_table":46,"minecraft:open_barrel":6,"minecraft:eat_cake_slice":2,"minecraft:time_since_death":320871,"minecraft:sprint_one_cm":777730,"minecraft:damage_blocked_by_shield":2280,"minecraft:drop":128,"minecraft:talked_to_villager":47,"minecraft:play_time":320871,"minecraft:jump":2254,"minecraft:walk_on_water_one_cm":54976,"minecraft:interact_with_furnace":37,"minecraft:traded_with_villager":110,"minecraft:interact_with_loom":1,"minecraft:sleep_in_bed":1,"minecraft:damage_dealt":15076,"minecraft:crouch_one_cm":8376,"minecraft:interact_with_smithing_table":3,"minecraft:mob_kills":101,"minecraft:interact_with_anvil":6,"minecraft:interact_with_campfire":8,"minecraft:climb_one_cm":12659,"minecraft:walk_one_cm":605221,"minecraft:sneak_time":4405,"minecraft:walk_under_water_one_cm":21817,"minecraft:interact_with_blast_furnace":18,"minecraft:total_world_time":320871,"minecraft:time_since_rest":232758,"minecraft:damage_taken":1840,"minecraft:swim_one_cm":22645,"minecraft:fly_one_cm":298651,"minecraft:open_chest":73,"minecraft:fall_one_cm":41049},"minecraft:dropped":{"minecraft:iron_sword":4,"minecraft:cooked_beef":1,"minecraft:glow_ink_sac":1,"ecologics:music_disc_coconut":2,"ecologics:coconut_slice":8,"minecraft:leather_helmet":3,"minecraft:sand":20,"minecraft:iron_pickaxe":1,"minecraft:bone":7,"minecraft:armor_stand":2,"minecraft:iron_nugget":4,"minecraft:birch_sapling":1,"minecraft:rotten_flesh":27,"minecraft:chainmail_chestplate":23,"minecraft:leather_chestplate":3,"minecraft:leather_boots":1,"ecologics:coconut_husk":2,"minecraft:leather_leggings":2,"minecraft:egg":1,"minecraft:golden_boots":2,"minecraft:wheat_seeds":1,"minecraft:cherry_log":5,"minecraft:oak_fence":3,"minecraft:iron_helmet":1,"minecraft:cobblestone":10,"minecraft:prismarine_crystals":4,"minecraft:granite":2,"minecraft:diorite":2,"minecraft:melon_slice":6,"minecraft:iron_leggings":1,"minecraft:oak_stairs":21,"minecraft:pumpkin":1,"minecraft:chainmail_leggings":3,"minecraft:paper":3,"minecraft:tuff":3,"minecraft:iron_boots":1,"minecraft:spruce_fence":2,"minecraft:filled_map":1,"minecraft:shield":7,"minecraft:flower_pot":1,"minecraft:iron_chestplate":1,"minecraft:stone_bricks":8,"minecraft:brown_carpet":4,"minecraft:slime_ball":1,"minecraft:birch_boat":1},"minecraft:crafted":{"minecraft:birch_wood":3,"quark:birch_chest":1,"minecraft:birch_boat":1,"minecraft:diamond_helmet":1,"minecraft:diamond_leggings":1,"minecraft:iron_boots":1,"simple_weapons:stone_sickle":1,"minecraft:emerald":86,"sophisticatedbackpacks:backpack":1,"minecraft:cooked_porkchop":11,"minecraft:crafting_table":2,"minecraft:wooden_pickaxe":1,"minecraft:iron_helmet":1,"minecraft:chainmail_chestplate":12,"minecraft:birch_planks":192,"minecraft:iron_chestplate":1,"minecraft:charcoal":11,"minecraft:diamond_pickaxe":1,"minecraft:shield":6,"minecraft:stick":24,"minecraft:iron_pickaxe":5,"minecraft:iron_ingot":180,"simple_weapons:iron_greatsword":1,"minecraft:iron_block":3,"minecraft:stone_sword":1,"minecraft:gold_ingot":8,"simple_weapons:iron_scimitar":1,"minecraft:stone_shovel":1,"minecraft:coal":684,"minecraft:furnace":4,"quark:dark_oak_chest":2,"minecraft:iron_axe":1,"minecraft:iron_hoe":1,"minecraft:stone_pickaxe":2,"minecraft:dark_oak_planks":116,"quark:birch_bookshelf":17,"sophisticatedbackpacks:iron_backpack":2,"minecraft:cooked_beef":9,"minecraft:enchanting_table":1,"minecraft:iron_sword":1,"minecraft:bucket":1,"minecraft:stone_axe":1,"simple_weapons:stone_scimitar":1,"minecraft:iron_leggings":1,"minecraft:anvil":1,"minecraft:white_bed":1,"minecraft:torch":76,"minecraft:diamond_chestplate":1},"minecraft:used":{"minecraft:shield":33,"minecraft:iron_sword":255,"minecraft:iron_chestplate":1,"minecraft:lantern":9,"minecraft:iron_helmet":1,"minecraft:stone_bricks":8,"minecraft:item_frame":1,"minecraft:bow":2,"minecraft:furnace":4,"minecraft:oak_sapling":1,"minecraft:egg":1,"minecraft:dark_oak_sapling":4,"minecraft:stone_pickaxe":265,"minecraft:wooden_pickaxe":59,"minecraft:white_wool":2,"minecraft:blast_furnace":3,"minecraft:bread":35,"minecraft:gravel":27,"ecologics:coconut_slice":2,"minecraft:birch_log":1,"minecraft:andesite":3,"minecraft:experience_bottle":7,"minecraft:stone_sword":43,"minecraft:stone_shovel":52,"minecraft:torch":72,"simple_weapons:stone_scimitar":129,"minecraft:dirt":3,"minecraft:anvil":2,"minecraft:diamond_helmet":2,"minecraft:iron_hoe":37,"minecraft:iron_axe":87,"minecraft:iron_boots":1,"minecraft:diamond_chestplate":2,"minecraft:cooked_beef":7,"minecraft:cobbled_deepslate":35,"minecraft:iron_leggings":1,"minecraft:water_bucket":2,"minecraft:birch_boat":14,"minecraft:crafting_table":12,"minecraft:white_bed":1,"minecraft:diamond_pickaxe":4,"minecraft:iron_pickaxe":699,"minecraft:stone_axe":142,"quark:dark_oak_chest":2,"minecraft:cobblestone":196,"minecraft:cooked_porkchop":6,"minecraft:bucket":4,"alexsmobs:animal_dictionary":1,"minecraft:diamond_leggings":1},"minecraft:mined":{"minecraft:cherry_log":16,"minecraft:obsidian":4,"minecraft:granite":2,"minecraft:grass_block":13,"quark:yellow_corundum":3,"minecraft:coal_block":76,"minecraft:spawner":1,"minecraft:iron_ore":46,"minecraft:cobbled_deepslate":4,"minecraft:pumpkin":1,"minecraft:deepslate_lapis_ore":14,"minecraft:anvil":1,"minecraft:oak_stairs":14,"minecraft:iron_block":3,"minecraft:deepslate_redstone_ore":14,"minecraft:smoker":1,"minecraft:torch":2,"minecraft:blast_furnace":6,"minecraft:cobblestone":19,"minecraft:potted_oak_sapling":1,"minecraft:sugar_cane":3,"minecraft:oak_planks":3,"minecraft:cauldron":1,"minecraft:skeleton_skull":1,"minecraft:birch_log":59,"minecraft:wheat":1,"samurai_dynasty:deepslate_silver_ore":19,"samurai_dynasty:deepslate_jade_ore":13,"samurai_dynasty:deepslate_ruby_ore":1,"samurai_dynasty:silver_ore":3,"minecraft:grass":7,"minecraft:sand":28,"minecraft:dirt":30,"quark:yellow_corundum_cluster":1,"minecraft:raw_copper_block":1,"minecraft:oak_leaves":7,"minecraft:deepslate":205,"minecraft:tuff":5,"minecraft:dark_oak_leaves":1,"minecraft:deepslate_diamond_ore":4,"minecraft:dark_oak_log":48,"minecraft:spruce_fence":2,"quark:orange_corundum_cluster":1,"minecraft:hay_block":35,"minecraft:redstone_ore":1,"minecraft:furnace":1,"quark:orange_corundum":1,"minecraft:andesite":5,"minecraft:gold_block":1,"minecraft:bookshelf":43,"minecraft:deepslate_iron_ore":95,"minecraft:lantern":1,"minecraft:stone":262,"samurai_dynasty:deepslate_onyx_ore":7,"minecraft:white_wool":6,"minecraft:smithing_table":1,"minecraft:oak_slab":5,"minecraft:scaffolding":5,"minecraft:brown_carpet":2,"minecraft:oak_fence":3,"minecraft:crafting_table":12,"minecraft:lectern":1,"minecraft:copper_ore":6,"minecraft:tall_grass":3,"minecraft:deepslate_coal_ore":1,"minecraft:lapis_ore":5,"minecraft:deepslate_gold_ore":58,"minecraft:diorite":15,"minecraft:birch_leaves":1,"minecraft:coal_ore":81,"minecraft:gravel":31,"minecraft:cobweb":34,"minecraft:stone_bricks":30,"minecraft:chipped_anvil":1},"minecraft:killed":{"alexsmobs:lobster":1,"minecraft:cave_spider":1,"minecraft:witch":1,"minecraft:spider":7,"minecraft:skeleton":6,"minecraft:pig":13,"minecraft:creeper":1,"minecraft:sheep":10,"minecraft:zombie":25,"enemyexpansion:botfly":9,"minecraft:cow":16,"enemyexpansion:direwolf":1,"minecraft:phantom":1,"alexsmobs:flying_fish":1,"enemyexpansion:slugger":7}},"DataVersion":3465}