{"stats":{"minecraft:picked_up":{"minecraft:birch_log":59,"minecraft:crafting_table":7,"minecraft:cooked_beef":1,"quark:orange_corundum":1,"minecraft:andesite":2,"minecraft:leather":10,"minecraft:gold_block":1,"minecraft:flint":1,"minecraft:tuff":1,"minecraft:gunpowder":1,"minecraft:string":3,"minecraft:lapis_lazuli":79,"minecraft:dirt":43,"minecraft:lantern":1,"minecraft:raw_copper":21,"minecraft:bone":3,"minecraft:wheat_seeds":1,"minecraft:cobbled_deepslate":27,"minecraft:raw_gold":8,"minecraft:beef":27,"samurai_dynasty:onyx":3,"minecraft:sugar_cane":7,"minecraft:birch_sapling":26,"minecraft:furnace":1,"quark:orange_corundum_cluster":2,"minecraft:dark_oak_sapling":4,"minecraft:stick":22,"minecraft:raw_iron":48,"minecraft:birch_boat":3,"minecraft:pumpkin":1,"minecraft:torch":1,"quark:yellow_corundum_cluster":6,"minecraft:gravel":30,"minecraft:porkchop":21,"minecraft:spider_eye":1,"minecraft:cherry_log":5,"minecraft:pointed_dripstone":2,"minecraft:diorite":10,"minecraft:redstone":26,"minecraft:dark_oak_log":46,"quark:yellow_corundum":3,"minecraft:arrow":4,"minecraft:granite":2,"minecraft:cherry_sapling":12,"minecraft:mutton":13,"minecraft:coal":68,"minecraft:white_wool":10,"minecraft:cobblestone":257},"minecraft:broken":{"minecraft:stone_pickaxe":2,"minecraft:wooden_pickaxe":1},"minecraft:custom":{"minecraft:interact_with_furnace":37,"minecraft:mob_kills":42,"minecraft:animals_bred":1,"minecraft:interact_with_crafting_table":28,"minecraft:time_since_death":98871,"minecraft:sleep_in_bed":1,"minecraft:time_since_rest":10758,"minecraft:sprint_one_cm":233148,"minecraft:damage_taken":251,"minecraft:walk_one_cm":190840,"minecraft:damage_blocked_by_shield":180,"minecraft:drop":14,"minecraft:damage_dealt":4800,"minecraft:swim_one_cm":1437,"minecraft:fly_one_cm":91786,"minecraft:open_chest":13,"minecraft:crouch_one_cm":4814,"minecraft:play_time":98871,"minecraft:sneak_time":1839,"minecraft:walk_under_water_one_cm":3852,"minecraft:jump":874,"minecraft:walk_on_water_one_cm":10609,"minecraft:total_world_time":98871,"minecraft:fall_one_cm":12911},"minecraft:dropped":{"minecraft:cherry_log":5,"minecraft:cooked_beef":1,"minecraft:birch_sapling":1,"minecraft:cobblestone":10,"minecraft:pumpkin":1},"minecraft:crafted":{"minecraft:cooked_beef":9,"simple_weapons:iron_scimitar":1,"minecraft:stone_shovel":1,"minecraft:cooked_porkchop":11,"minecraft:crafting_table":2,"minecraft:birch_boat":1,"minecraft:wooden_pickaxe":1,"minecraft:iron_helmet":1,"minecraft:iron_sword":1,"minecraft:furnace":4,"minecraft:bucket":1,"minecraft:birch_planks":100,"minecraft:stone_axe":1,"simple_weapons:stone_scimitar":1,"quark:dark_oak_chest":2,"minecraft:iron_boots":1,"minecraft:iron_chestplate":1,"minecraft:charcoal":11,"minecraft:shield":1,"simple_weapons:stone_sickle":1,"minecraft:stick":24,"simple_weapons:iron_greatsword":1,"minecraft:iron_ingot":47,"minecraft:iron_pickaxe":1,"minecraft:stone_pickaxe":2,"minecraft:stone_sword":1,"minecraft:gold_ingot":8,"minecraft:iron_leggings":1,"minecraft:white_bed":1,"minecraft:dark_oak_planks":116,"minecraft:torch":52},"minecraft:killed":{"minecraft:pig":12,"minecraft:spider":2,"minecraft:creeper":1,"minecraft:skeleton":4,"minecraft:sheep":10,"minecraft:zombie":1,"minecraft:cow":12},"minecraft:used":{"minecraft:stone_sword":43,"minecraft:stone_shovel":25,"minecraft:stone_pickaxe":265,"minecraft:birch_boat":3,"minecraft:shield":3,"minecraft:wooden_pickaxe":59,"minecraft:iron_chestplate":1,"minecraft:torch":27,"simple_weapons:stone_scimitar":78,"minecraft:dirt":3,"minecraft:crafting_table":8,"minecraft:white_bed":1,"minecraft:iron_pickaxe":130,"minecraft:iron_helmet":1,"minecraft:iron_boots":1,"minecraft:gravel":27,"minecraft:stone_axe":134,"quark:dark_oak_chest":2,"minecraft:cobblestone":106,"minecraft:furnace":4,"minecraft:birch_log":1,"alexsmobs:animal_dictionary":1,"minecraft:cooked_beef":7,"minecraft:cobbled_deepslate":1,"minecraft:iron_leggings":1,"minecraft:dark_oak_sapling":4},"minecraft:mined":{"minecraft:deepslate_redstone_ore":6,"minecraft:tuff":1,"minecraft:dark_oak_leaves":1,"minecraft:cherry_log":16,"minecraft:dark_oak_log":48,"minecraft:crafting_table":7,"minecraft:torch":1,"minecraft:granite":2,"minecraft:grass_block":13,"quark:yellow_corundum":3,"minecraft:copper_ore":6,"minecraft:cobblestone":9,"minecraft:deepslate_coal_ore":1,"minecraft:lapis_ore":5,"minecraft:deepslate_gold_ore":8,"minecraft:sugar_cane":3,"quark:orange_corundum_cluster":1,"minecraft:diorite":10,"minecraft:furnace":1,"quark:orange_corundum":1,"minecraft:birch_log":59,"minecraft:iron_ore":26,"minecraft:birch_leaves":1,"minecraft:andesite":2,"minecraft:gold_block":1,"minecraft:pumpkin":1,"minecraft:deepslate_lapis_ore":8,"minecraft:grass":6,"minecraft:coal_ore":64,"minecraft:deepslate_iron_ore":21,"minecraft:lantern":1,"minecraft:gravel":31,"minecraft:dirt":30,"quark:yellow_corundum_cluster":1,"minecraft:stone":239,"samurai_dynasty:deepslate_onyx_ore":3,"minecraft:deepslate":29}},"DataVersion":3465}