{"stats":{"minecraft:picked_up":{"minecraft:birch_log":59,"minecraft:crafting_table":7,"minecraft:cooked_beef":1,"quark:orange_corundum":1,"minecraft:andesite":2,"minecraft:leather":10,"minecraft:gold_block":1,"minecraft:flint":1,"minecraft:tuff":1,"minecraft:string":1,"minecraft:lapis_lazuli":47,"minecraft:dirt":36,"minecraft:lantern":1,"minecraft:bone":1,"minecraft:wheat_seeds":1,"minecraft:cobbled_deepslate":27,"minecraft:raw_gold":8,"minecraft:beef":27,"samurai_dynasty:onyx":3,"minecraft:sugar_cane":7,"minecraft:birch_sapling":26,"minecraft:furnace":1,"quark:orange_corundum_cluster":2,"minecraft:dark_oak_sapling":4,"minecraft:stick":22,"minecraft:raw_iron":45,"minecraft:birch_boat":2,"minecraft:pumpkin":1,"minecraft:torch":1,"minecraft:gravel":30,"minecraft:porkchop":21,"minecraft:cherry_log":5,"minecraft:pointed_dripstone":2,"minecraft:diorite":10,"minecraft:redstone":26,"minecraft:dark_oak_log":46,"minecraft:arrow":3,"minecraft:cherry_sapling":12,"minecraft:mutton":13,"minecraft:coal":14,"minecraft:white_wool":10,"minecraft:cobblestone":237},"minecraft:broken":{"minecraft:stone_pickaxe":1,"minecraft:wooden_pickaxe":1},"minecraft:custom":{"minecraft:interact_with_furnace":36,"minecraft:mob_kills":39,"minecraft:animals_bred":1,"minecraft:interact_with_crafting_table":27,"minecraft:time_since_death":86871,"minecraft:time_since_rest":86871,"minecraft:sprint_one_cm":203321,"minecraft:damage_taken":178,"minecraft:walk_one_cm":161707,"minecraft:damage_blocked_by_shield":60,"minecraft:drop":14,"minecraft:damage_dealt":4161,"minecraft:swim_one_cm":1437,"minecraft:fly_one_cm":81432,"minecraft:open_chest":11,"minecraft:crouch_one_cm":4814,"minecraft:play_time":86871,"minecraft:sneak_time":1839,"minecraft:walk_under_water_one_cm":3790,"minecraft:jump":724,"minecraft:walk_on_water_one_cm":6749,"minecraft:total_world_time":86871,"minecraft:fall_one_cm":11100},"minecraft:dropped":{"minecraft:cherry_log":5,"minecraft:cooked_beef":1,"minecraft:birch_sapling":1,"minecraft:cobblestone":10,"minecraft:pumpkin":1},"minecraft:crafted":{"minecraft:cooked_beef":9,"minecraft:stone_shovel":1,"minecraft:cooked_porkchop":11,"minecraft:crafting_table":2,"minecraft:birch_boat":1,"minecraft:wooden_pickaxe":1,"minecraft:iron_helmet":1,"minecraft:iron_sword":1,"minecraft:furnace":4,"minecraft:bucket":1,"minecraft:birch_planks":100,"minecraft:stone_axe":1,"simple_weapons:stone_scimitar":1,"quark:dark_oak_chest":2,"minecraft:iron_boots":1,"minecraft:iron_chestplate":1,"minecraft:charcoal":11,"minecraft:shield":1,"simple_weapons:stone_sickle":1,"minecraft:stick":24,"simple_weapons:iron_greatsword":1,"minecraft:iron_ingot":38,"minecraft:iron_pickaxe":1,"minecraft:stone_pickaxe":2,"minecraft:stone_sword":1,"minecraft:gold_ingot":8,"minecraft:iron_leggings":1,"minecraft:white_bed":1,"minecraft:dark_oak_planks":116,"minecraft:torch":52},"minecraft:killed":{"minecraft:pig":12,"minecraft:spider":1,"minecraft:creeper":1,"minecraft:skeleton":3,"minecraft:sheep":10,"minecraft:cow":12},"minecraft:used":{"minecraft:stone_sword":43,"minecraft:stone_shovel":18,"minecraft:stone_pickaxe":235,"minecraft:birch_boat":2,"minecraft:shield":1,"minecraft:wooden_pickaxe":59,"minecraft:iron_chestplate":1,"minecraft:torch":20,"simple_weapons:stone_scimitar":61,"minecraft:dirt":3,"minecraft:crafting_table":8,"minecraft:iron_pickaxe":66,"minecraft:iron_helmet":1,"minecraft:iron_boots":1,"minecraft:gravel":27,"minecraft:stone_axe":134,"quark:dark_oak_chest":2,"minecraft:cobblestone":82,"minecraft:furnace":4,"minecraft:birch_log":1,"alexsmobs:animal_dictionary":1,"minecraft:cooked_beef":6,"minecraft:cobbled_deepslate":1,"minecraft:iron_leggings":1,"minecraft:dark_oak_sapling":4},"minecraft:mined":{"minecraft:deepslate_redstone_ore":6,"minecraft:tuff":1,"minecraft:dark_oak_leaves":1,"minecraft:cherry_log":16,"minecraft:dark_oak_log":48,"minecraft:crafting_table":7,"minecraft:torch":1,"minecraft:grass_block":13,"minecraft:cobblestone":7,"minecraft:deepslate_coal_ore":1,"minecraft:deepslate_gold_ore":8,"minecraft:sugar_cane":3,"quark:orange_corundum_cluster":1,"minecraft:diorite":10,"minecraft:furnace":1,"quark:orange_corundum":1,"minecraft:birch_log":59,"minecraft:iron_ore":23,"minecraft:andesite":2,"minecraft:gold_block":1,"minecraft:pumpkin":1,"minecraft:deepslate_lapis_ore":8,"minecraft:grass":6,"minecraft:coal_ore":10,"minecraft:deepslate_iron_ore":21,"minecraft:lantern":1,"minecraft:gravel":31,"minecraft:dirt":23,"minecraft:stone":221,"samurai_dynasty:deepslate_onyx_ore":3,"minecraft:deepslate":29}},"DataVersion":3465}