{"stats":{"minecraft:picked_up":{"minecraft:raw_iron":14,"minecraft:dark_oak_sapling":4,"minecraft:stick":4,"minecraft:crafting_table":4,"quark:orange_corundum":1,"minecraft:andesite":2,"minecraft:leather":5,"minecraft:gravel":27,"minecraft:porkchop":4,"minecraft:flint":1,"minecraft:diorite":10,"minecraft:dark_oak_log":46,"minecraft:dirt":9,"minecraft:wheat_seeds":1,"minecraft:beef":9,"minecraft:coal":4,"minecraft:mutton":2,"quark:orange_corundum_cluster":2,"minecraft:white_wool":2,"minecraft:cobblestone":205},"minecraft:broken":{"minecraft:stone_pickaxe":1,"minecraft:wooden_pickaxe":1},"minecraft:custom":{"minecraft:time_since_rest":26871,"minecraft:interact_with_furnace":9,"minecraft:sprint_one_cm":40615,"minecraft:damage_taken":80,"minecraft:walk_one_cm":53351,"minecraft:mob_kills":10,"minecraft:damage_dealt":1061,"minecraft:swim_one_cm":56,"minecraft:interact_with_crafting_table":6,"minecraft:fly_one_cm":14991,"minecraft:crouch_one_cm":383,"minecraft:play_time":26871,"minecraft:sneak_time":378,"minecraft:walk_under_water_one_cm":1538,"minecraft:jump":195,"minecraft:time_since_death":26871,"minecraft:walk_on_water_one_cm":1664,"minecraft:total_world_time":26871,"minecraft:fall_one_cm":2009},"minecraft:crafted":{"minecraft:cooked_beef":9,"minecraft:charcoal":2,"minecraft:shield":1,"minecraft:crafting_table":2,"minecraft:stick":16,"minecraft:iron_ingot":1,"minecraft:wooden_pickaxe":1,"minecraft:stone_pickaxe":2,"minecraft:stone_sword":1,"minecraft:furnace":1,"minecraft:dark_oak_planks":40,"minecraft:torch":16,"minecraft:stone_axe":1},"minecraft:mined":{"quark:orange_corundum":1,"minecraft:iron_ore":11,"minecraft:dark_oak_log":48,"minecraft:andesite":2,"minecraft:crafting_table":4,"minecraft:grass":6,"minecraft:coal_ore":4,"minecraft:grass_block":4,"minecraft:deepslate_iron_ore":3,"minecraft:gravel":28,"minecraft:dirt":5,"minecraft:cobblestone":1,"minecraft:stone":204,"quark:orange_corundum_cluster":1,"minecraft:diorite":10},"minecraft:used":{"minecraft:stone_sword":23,"minecraft:stone_pickaxe":178,"minecraft:wooden_pickaxe":59,"minecraft:gravel":27,"minecraft:stone_axe":44,"minecraft:torch":11,"minecraft:dirt":1,"minecraft:cobblestone":22,"minecraft:crafting_table":5,"minecraft:furnace":1,"alexsmobs:animal_dictionary":1,"minecraft:cooked_beef":1,"minecraft:dark_oak_sapling":4},"minecraft:killed":{"minecraft:sheep":2,"minecraft:pig":3,"minecraft:skeleton":1,"minecraft:cow":4}},"DataVersion":3465}