{"stats":{"minecraft:picked_up":{"minecraft:crafting_table":4,"quark:orange_corundum":1,"minecraft:andesite":2,"minecraft:leather":5,"minecraft:flint":1,"minecraft:lapis_lazuli":47,"minecraft:dirt":9,"minecraft:wheat_seeds":1,"minecraft:cobbled_deepslate":22,"minecraft:raw_gold":8,"minecraft:beef":9,"samurai_dynasty:onyx":3,"quark:orange_corundum_cluster":2,"minecraft:dark_oak_sapling":4,"minecraft:stick":4,"minecraft:raw_iron":34,"minecraft:gravel":27,"minecraft:porkchop":4,"minecraft:diorite":10,"minecraft:dark_oak_log":46,"minecraft:mutton":2,"minecraft:coal":4,"minecraft:white_wool":2,"minecraft:cobblestone":223},"minecraft:broken":{"minecraft:stone_pickaxe":1,"minecraft:wooden_pickaxe":1},"minecraft:custom":{"minecraft:interact_with_furnace":12,"minecraft:mob_kills":10,"minecraft:interact_with_crafting_table":10,"minecraft:time_since_death":38871,"minecraft:time_since_rest":38871,"minecraft:sprint_one_cm":54686,"minecraft:damage_taken":80,"minecraft:walk_one_cm":78851,"minecraft:damage_dealt":1061,"minecraft:swim_one_cm":56,"minecraft:fly_one_cm":18235,"minecraft:open_chest":3,"minecraft:crouch_one_cm":2117,"minecraft:play_time":38871,"minecraft:sneak_time":1084,"minecraft:walk_under_water_one_cm":1538,"minecraft:jump":263,"minecraft:walk_on_water_one_cm":3499,"minecraft:total_world_time":38871,"minecraft:fall_one_cm":2218},"minecraft:crafted":{"minecraft:cooked_beef":9,"minecraft:crafting_table":2,"minecraft:wooden_pickaxe":1,"minecraft:iron_sword":1,"minecraft:furnace":3,"minecraft:stone_axe":1,"quark:dark_oak_chest":2,"minecraft:iron_chestplate":1,"minecraft:charcoal":2,"minecraft:shield":1,"minecraft:stick":16,"minecraft:iron_ingot":14,"minecraft:iron_pickaxe":1,"minecraft:stone_pickaxe":2,"minecraft:stone_sword":1,"minecraft:dark_oak_planks":56,"minecraft:torch":16},"minecraft:mined":{"minecraft:dark_oak_log":48,"minecraft:crafting_table":4,"minecraft:grass_block":4,"minecraft:cobblestone":6,"minecraft:deepslate_coal_ore":1,"minecraft:deepslate_gold_ore":8,"quark:orange_corundum_cluster":1,"minecraft:diorite":10,"quark:orange_corundum":1,"minecraft:iron_ore":15,"minecraft:andesite":2,"minecraft:deepslate_lapis_ore":8,"minecraft:grass":6,"minecraft:coal_ore":4,"minecraft:deepslate_iron_ore":19,"minecraft:gravel":28,"minecraft:dirt":5,"minecraft:stone":217,"samurai_dynasty:deepslate_onyx_ore":3,"minecraft:deepslate":24},"minecraft:killed":{"minecraft:pig":3,"minecraft:skeleton":1,"minecraft:sheep":2,"minecraft:cow":4},"minecraft:used":{"minecraft:stone_sword":23,"minecraft:stone_pickaxe":211,"minecraft:wooden_pickaxe":59,"minecraft:iron_chestplate":1,"minecraft:torch":16,"minecraft:dirt":2,"minecraft:crafting_table":5,"minecraft:iron_pickaxe":49,"minecraft:gravel":27,"minecraft:stone_axe":44,"quark:dark_oak_chest":2,"minecraft:cobblestone":31,"minecraft:furnace":3,"alexsmobs:animal_dictionary":1,"minecraft:cooked_beef":2,"minecraft:cobbled_deepslate":1,"minecraft:dark_oak_sapling":4}},"DataVersion":3465}