{"stats":{"minecraft:picked_up":{"minecraft:crafting_table":10,"quark:orange_corundum":1,"minecraft:flower_pot":1,"minecraft:leather_leggings":2,"minecraft:smithing_table":1,"minecraft:oak_stairs":13,"minecraft:gold_block":1,"minecraft:enchanted_book":1,"minecraft:shield":4,"minecraft:string":39,"minecraft:raw_copper":21,"minecraft:item_frame":7,"minecraft:armor_stand":6,"minecraft:experience_bottle":7,"minecraft:cobbled_deepslate":27,"minecraft:beef":34,"samurai_dynasty:onyx":3,"minecraft:lectern":1,"minecraft:coal_block":68,"minecraft:sugar_cane":7,"minecraft:birch_sapling":26,"minecraft:egg":2,"quark:orange_corundum_cluster":2,"minecraft:furnace":1,"minecraft:golden_helmet":1,"minecraft:dark_oak_sapling":4,"minecraft:raw_iron":54,"minecraft:stick":24,"ecologics:coconut_slice":14,"minecraft:oak_fence":3,"minecraft:torch":1,"minecraft:spruce_fence":2,"quark:yellow_corundum_cluster":6,"minecraft:porkchop":24,"minecraft:cherry_log":5,"minecraft:pointed_dripstone":4,"minecraft:diorite":10,"minecraft:carrot":1,"minecraft:redstone":26,"minecraft:prismarine_crystals":4,"minecraft:cauldron":1,"minecraft:brown_carpet":4,"quark:yellow_corundum":3,"minecraft:arrow":10,"minecraft:rotten_flesh":19,"minecraft:diamond_boots":2,"minecraft:hay_block":35,"minecraft:iron_block":3,"minecraft:skeleton_skull":1,"minecraft:mutton":13,"alexsmobs:flying_fish":2,"minecraft:white_wool":15,"minecraft:cobblestone":274,"minecraft:birch_log":59,"minecraft:leather_chestplate":3,"minecraft:cooked_beef":2,"minecraft:andesite":2,"minecraft:leather":17,"minecraft:golden_leggings":1,"minecraft:smoker":1,"minecraft:flint":1,"minecraft:tuff":3,"minecraft:chainmail_chestplate":11,"minecraft:gunpowder":1,"minecraft:paper":2,"alexsmobs:rocky_shell":1,"minecraft:lapis_lazuli":79,"minecraft:dirt":43,"minecraft:lantern":10,"minecraft:leather_boots":1,"minecraft:cooked_mutton":4,"minecraft:bone":13,"ecologics:music_disc_coconut":1,"minecraft:stone_bricks":2,"minecraft:bow":1,"minecraft:wheat_seeds":1,"minecraft:raw_gold":8,"minecraft:stone_pickaxe":1,"minecraft:iron_sword":5,"minecraft:book":117,"minecraft:scaffolding":5,"minecraft:cooked_porkchop":4,"minecraft:birch_boat":12,"minecraft:pumpkin":1,"minecraft:gravel":30,"minecraft:sand":40,"minecraft:blast_furnace":4,"minecraft:dark_oak_log":46,"minecraft:spider_eye":1,"minecraft:leather_helmet":3,"minecraft:firework_rocket":1,"minecraft:slime_ball":1,"minecraft:chainmail_leggings":3,"minecraft:writable_book":1,"minecraft:granite":2,"minecraft:cherry_sapling":12,"minecraft:bread":1,"minecraft:emerald":3,"immersive_armors:divine_helmet":2,"minecraft:oak_sapling":1,"minecraft:coal":85,"minecraft:ender_pearl":1},"minecraft:broken":{"simple_weapons:stone_scimitar":1,"minecraft:wooden_pickaxe":1,"minecraft:stone_pickaxe":2,"minecraft:stone_axe":1,"minecraft:iron_pickaxe":1},"minecraft:custom":{"minecraft:interact_with_smithing_table":1,"minecraft:mob_kills":82,"minecraft:animals_bred":1,"minecraft:interact_with_crafting_table":39,"minecraft:open_barrel":6,"minecraft:interact_with_campfire":8,"minecraft:eat_cake_slice":2,"minecraft:time_since_death":224871,"minecraft:climb_one_cm":11518,"minecraft:sprint_one_cm":617223,"minecraft:walk_one_cm":456184,"minecraft:damage_blocked_by_shield":1440,"minecraft:drop":104,"minecraft:talked_to_villager":39,"minecraft:play_time":224871,"minecraft:sneak_time":2341,"minecraft:walk_under_water_one_cm":13470,"minecraft:jump":1663,"minecraft:interact_with_blast_furnace":4,"minecraft:walk_on_water_one_cm":27025,"minecraft:total_world_time":224871,"minecraft:interact_with_furnace":37,"minecraft:traded_with_villager":88,"minecraft:interact_with_loom":1,"minecraft:sleep_in_bed":1,"minecraft:time_since_rest":136758,"minecraft:damage_taken":1345,"minecraft:damage_dealt":11438,"minecraft:fly_one_cm":234284,"minecraft:swim_one_cm":13998,"minecraft:open_chest":72,"minecraft:crouch_one_cm":5174,"minecraft:fall_one_cm":31143},"minecraft:dropped":{"minecraft:golden_boots":1,"minecraft:iron_sword":3,"minecraft:cooked_beef":1,"minecraft:cherry_log":5,"ecologics:music_disc_coconut":2,"ecologics:coconut_slice":4,"minecraft:oak_fence":3,"minecraft:iron_helmet":1,"minecraft:cobblestone":10,"minecraft:prismarine_crystals":4,"minecraft:granite":2,"minecraft:leather_helmet":3,"minecraft:iron_leggings":1,"minecraft:oak_stairs":13,"minecraft:pumpkin":1,"minecraft:sand":20,"minecraft:chainmail_leggings":3,"minecraft:paper":2,"minecraft:armor_stand":2,"minecraft:bone":6,"minecraft:birch_sapling":1,"minecraft:rotten_flesh":19,"minecraft:iron_boots":1,"minecraft:spruce_fence":2,"minecraft:chainmail_chestplate":23,"minecraft:filled_map":1,"minecraft:leather_chestplate":3,"minecraft:shield":7,"minecraft:iron_chestplate":1,"minecraft:leather_boots":1,"ecologics:coconut_husk":2,"minecraft:leather_leggings":2,"minecraft:stone_bricks":1,"minecraft:brown_carpet":4,"minecraft:slime_ball":1,"minecraft:birch_boat":1,"minecraft:egg":1},"minecraft:crafted":{"simple_weapons:iron_scimitar":1,"minecraft:birch_wood":3,"minecraft:coal":612,"minecraft:stone_shovel":1,"quark:birch_chest":1,"minecraft:birch_boat":1,"minecraft:furnace":4,"quark:dark_oak_chest":2,"minecraft:diamond_helmet":1,"minecraft:diamond_leggings":1,"minecraft:iron_boots":1,"minecraft:iron_axe":1,"simple_weapons:stone_sickle":1,"minecraft:iron_hoe":1,"minecraft:stone_pickaxe":2,"minecraft:dark_oak_planks":116,"quark:birch_bookshelf":17,"sophisticatedbackpacks:iron_backpack":1,"minecraft:cooked_beef":9,"sophisticatedbackpacks:backpack":1,"minecraft:emerald":67,"minecraft:cooked_porkchop":11,"minecraft:crafting_table":2,"minecraft:wooden_pickaxe":1,"minecraft:iron_helmet":1,"minecraft:iron_sword":1,"minecraft:chainmail_chestplate":12,"minecraft:bucket":1,"minecraft:birch_planks":192,"minecraft:stone_axe":1,"simple_weapons:stone_scimitar":1,"minecraft:iron_chestplate":1,"minecraft:charcoal":11,"minecraft:shield":6,"minecraft:stick":24,"minecraft:iron_ingot":83,"simple_weapons:iron_greatsword":1,"minecraft:iron_pickaxe":3,"minecraft:stone_sword":1,"minecraft:iron_leggings":1,"minecraft:gold_ingot":8,"minecraft:white_bed":1,"minecraft:torch":52,"minecraft:diamond_chestplate":1},"minecraft:killed":{"minecraft:spider":5,"enemyexpansion:direwolf":1,"minecraft:phantom":1,"minecraft:skeleton":6,"alexsmobs:flying_fish":1,"minecraft:pig":13,"minecraft:creeper":1,"minecraft:sheep":10,"minecraft:zombie":11,"enemyexpansion:botfly":9,"minecraft:cow":16,"enemyexpansion:slugger":7},"minecraft:used":{"minecraft:stone_sword":43,"minecraft:stone_shovel":52,"minecraft:shield":28,"minecraft:iron_sword":187,"minecraft:iron_chestplate":1,"minecraft:torch":35,"minecraft:dirt":3,"simple_weapons:stone_scimitar":129,"minecraft:diamond_helmet":1,"minecraft:iron_hoe":37,"minecraft:iron_axe":62,"minecraft:iron_helmet":1,"minecraft:iron_boots":1,"minecraft:item_frame":1,"minecraft:diamond_chestplate":1,"minecraft:oak_sapling":1,"minecraft:furnace":4,"minecraft:egg":1,"minecraft:cooked_beef":7,"minecraft:cobbled_deepslate":1,"minecraft:iron_leggings":1,"minecraft:dark_oak_sapling":4,"minecraft:stone_pickaxe":265,"minecraft:wooden_pickaxe":59,"minecraft:birch_boat":11,"minecraft:white_wool":2,"minecraft:crafting_table":11,"minecraft:blast_furnace":1,"minecraft:white_bed":1,"minecraft:bread":20,"minecraft:iron_pickaxe":265,"minecraft:gravel":27,"ecologics:coconut_slice":2,"minecraft:stone_axe":142,"quark:dark_oak_chest":2,"minecraft:cobblestone":142,"minecraft:cooked_porkchop":6,"minecraft:birch_log":1,"alexsmobs:animal_dictionary":1,"minecraft:diamond_leggings":1,"minecraft:experience_bottle":7},"minecraft:mined":{"minecraft:tuff":1,"minecraft:dark_oak_leaves":1,"minecraft:cherry_log":16,"minecraft:dark_oak_log":48,"minecraft:granite":2,"minecraft:spruce_fence":2,"minecraft:grass_block":13,"quark:yellow_corundum":3,"minecraft:coal_block":68,"quark:orange_corundum_cluster":1,"minecraft:spawner":1,"minecraft:hay_block":35,"minecraft:furnace":1,"quark:orange_corundum":1,"minecraft:iron_ore":32,"minecraft:andesite":2,"minecraft:pumpkin":1,"minecraft:deepslate_lapis_ore":8,"minecraft:gold_block":1,"minecraft:bookshelf":38,"minecraft:deepslate_iron_ore":21,"minecraft:oak_stairs":6,"minecraft:lantern":1,"minecraft:iron_block":3,"minecraft:smithing_table":1,"minecraft:stone":252,"samurai_dynasty:deepslate_onyx_ore":3,"minecraft:white_wool":6,"minecraft:oak_slab":5,"minecraft:deepslate_redstone_ore":6,"minecraft:scaffolding":5,"minecraft:smoker":1,"minecraft:brown_carpet":2,"minecraft:oak_fence":3,"minecraft:crafting_table":10,"minecraft:torch":1,"minecraft:blast_furnace":4,"minecraft:lectern":1,"minecraft:tall_grass":3,"minecraft:cobblestone":13,"minecraft:copper_ore":6,"minecraft:deepslate_coal_ore":1,"minecraft:deepslate_gold_ore":8,"minecraft:lapis_ore":5,"minecraft:potted_oak_sapling":1,"minecraft:oak_planks":1,"minecraft:sugar_cane":3,"minecraft:diorite":10,"minecraft:cauldron":1,"minecraft:skeleton_skull":1,"minecraft:birch_log":59,"minecraft:wheat":1,"minecraft:birch_leaves":1,"minecraft:grass":7,"minecraft:coal_ore":81,"minecraft:gravel":31,"minecraft:sand":28,"minecraft:dirt":30,"quark:yellow_corundum_cluster":1,"minecraft:cobweb":34,"minecraft:stone_bricks":16,"minecraft:oak_leaves":6,"minecraft:deepslate":29}},"DataVersion":3465}