{"stats":{"minecraft:picked_up":{"minecraft:dark_oak_log":8,"minecraft:wheat_seeds":1},"minecraft:custom":{"minecraft:jump":4,"minecraft:time_since_rest":2871,"minecraft:sprint_one_cm":2439,"minecraft:play_time":2871,"minecraft:time_since_death":2871,"minecraft:walk_one_cm":1636,"minecraft:total_world_time":2871,"minecraft:interact_with_crafting_table":1,"minecraft:fall_one_cm":209,"minecraft:fly_one_cm":1122},"minecraft:crafted":{"minecraft:dark_oak_planks":16,"minecraft:crafting_table":1,"minecraft:stick":4,"minecraft:wooden_pickaxe":1},"minecraft:used":{"alexsmobs:animal_dictionary":1,"minecraft:crafting_table":1},"minecraft:mined":{"minecraft:grass":5,"minecraft:dark_oak_log":8}},"DataVersion":3465}