{"stats":{"minecraft:picked_up":{"minecraft:raw_iron":1,"minecraft:dark_oak_sapling":4,"minecraft:stick":4,"minecraft:crafting_table":2,"minecraft:leather":5,"minecraft:gravel":27,"minecraft:porkchop":4,"minecraft:flint":1,"minecraft:dark_oak_log":46,"minecraft:dirt":7,"minecraft:wheat_seeds":1,"minecraft:beef":9,"minecraft:mutton":2,"minecraft:white_wool":2,"minecraft:cobblestone":79},"minecraft:broken":{"minecraft:wooden_pickaxe":1},"minecraft:custom":{"minecraft:time_since_rest":14871,"minecraft:interact_with_furnace":7,"minecraft:sprint_one_cm":32844,"minecraft:walk_one_cm":22397,"minecraft:mob_kills":9,"minecraft:damage_dealt":861,"minecraft:swim_one_cm":56,"minecraft:interact_with_crafting_table":5,"minecraft:fly_one_cm":12437,"minecraft:play_time":14871,"minecraft:walk_under_water_one_cm":1538,"minecraft:jump":75,"minecraft:time_since_death":14871,"minecraft:walk_on_water_one_cm":1664,"minecraft:total_world_time":14871,"minecraft:fall_one_cm":1525},"minecraft:crafted":{"minecraft:cooked_beef":9,"minecraft:charcoal":2,"minecraft:shield":1,"minecraft:crafting_table":1,"minecraft:stick":12,"minecraft:iron_ingot":1,"minecraft:wooden_pickaxe":1,"minecraft:stone_pickaxe":1,"minecraft:stone_sword":1,"minecraft:furnace":1,"minecraft:dark_oak_planks":36,"minecraft:torch":8,"minecraft:stone_axe":1},"minecraft:mined":{"minecraft:iron_ore":1,"minecraft:dark_oak_log":48,"minecraft:crafting_table":2,"minecraft:grass":6,"minecraft:grass_block":3,"minecraft:gravel":28,"minecraft:dirt":4,"minecraft:stone":79},"minecraft:used":{"minecraft:stone_sword":19,"minecraft:stone_pickaxe":21,"minecraft:wooden_pickaxe":59,"minecraft:gravel":27,"minecraft:stone_axe":42,"minecraft:torch":2,"minecraft:dirt":1,"minecraft:crafting_table":3,"minecraft:furnace":1,"alexsmobs:animal_dictionary":1,"minecraft:dark_oak_sapling":4},"minecraft:killed":{"minecraft:sheep":2,"minecraft:pig":3,"minecraft:cow":4}},"DataVersion":3465}