{"stats":{"minecraft:picked_up":{"minecraft:birch_log":59,"minecraft:crafting_table":7,"minecraft:cooked_beef":1,"quark:orange_corundum":1,"minecraft:andesite":2,"minecraft:leather":5,"minecraft:flint":1,"minecraft:tuff":1,"minecraft:string":1,"minecraft:lapis_lazuli":47,"minecraft:dirt":36,"minecraft:lantern":1,"minecraft:bone":1,"minecraft:wheat_seeds":1,"minecraft:cobbled_deepslate":27,"minecraft:raw_gold":8,"minecraft:beef":9,"samurai_dynasty:onyx":3,"minecraft:birch_sapling":26,"minecraft:furnace":1,"quark:orange_corundum_cluster":2,"minecraft:dark_oak_sapling":4,"minecraft:stick":10,"minecraft:raw_iron":45,"minecraft:torch":1,"minecraft:gravel":30,"minecraft:porkchop":19,"minecraft:pointed_dripstone":2,"minecraft:diorite":10,"minecraft:redstone":26,"minecraft:dark_oak_log":46,"minecraft:arrow":3,"minecraft:mutton":13,"minecraft:coal":14,"minecraft:white_wool":10,"minecraft:cobblestone":232},"minecraft:broken":{"minecraft:stone_pickaxe":1,"minecraft:wooden_pickaxe":1},"minecraft:custom":{"minecraft:interact_with_furnace":33,"minecraft:mob_kills":30,"minecraft:animals_bred":1,"minecraft:interact_with_crafting_table":23,"minecraft:time_since_death":74871,"minecraft:time_since_rest":74871,"minecraft:sprint_one_cm":174469,"minecraft:damage_taken":148,"minecraft:walk_one_cm":141761,"minecraft:damage_blocked_by_shield":60,"minecraft:drop":2,"minecraft:damage_dealt":3261,"minecraft:swim_one_cm":1437,"minecraft:fly_one_cm":61183,"minecraft:open_chest":7,"minecraft:crouch_one_cm":3337,"minecraft:play_time":74871,"minecraft:sneak_time":1400,"minecraft:walk_under_water_one_cm":3247,"minecraft:jump":589,"minecraft:walk_on_water_one_cm":6171,"minecraft:total_world_time":74871,"minecraft:fall_one_cm":7326},"minecraft:dropped":{"minecraft:cooked_beef":1,"minecraft:birch_sapling":1},"minecraft:crafted":{"minecraft:cooked_beef":9,"minecraft:stone_shovel":1,"minecraft:cooked_porkchop":11,"minecraft:crafting_table":2,"minecraft:birch_boat":1,"minecraft:wooden_pickaxe":1,"minecraft:iron_helmet":1,"minecraft:iron_sword":1,"minecraft:furnace":4,"minecraft:birch_planks":100,"minecraft:stone_axe":1,"simple_weapons:stone_scimitar":1,"quark:dark_oak_chest":2,"minecraft:iron_boots":1,"minecraft:iron_chestplate":1,"minecraft:charcoal":11,"minecraft:shield":1,"simple_weapons:stone_sickle":1,"minecraft:stick":24,"simple_weapons:iron_greatsword":1,"minecraft:iron_ingot":36,"minecraft:iron_pickaxe":1,"minecraft:stone_pickaxe":2,"minecraft:stone_sword":1,"minecraft:gold_ingot":8,"minecraft:iron_leggings":1,"minecraft:dark_oak_planks":84,"minecraft:torch":52},"minecraft:killed":{"minecraft:pig":11,"minecraft:spider":1,"minecraft:creeper":1,"minecraft:skeleton":3,"minecraft:sheep":10,"minecraft:cow":4},"minecraft:used":{"minecraft:stone_sword":43,"minecraft:stone_shovel":18,"minecraft:stone_pickaxe":232,"minecraft:shield":1,"minecraft:wooden_pickaxe":59,"minecraft:iron_chestplate":1,"minecraft:torch":20,"simple_weapons:stone_scimitar":34,"minecraft:dirt":3,"minecraft:crafting_table":8,"minecraft:iron_pickaxe":65,"minecraft:iron_helmet":1,"minecraft:iron_boots":1,"minecraft:gravel":27,"minecraft:stone_axe":117,"quark:dark_oak_chest":2,"minecraft:cobblestone":67,"minecraft:furnace":4,"minecraft:birch_log":1,"alexsmobs:animal_dictionary":1,"minecraft:cooked_beef":5,"minecraft:cobbled_deepslate":1,"minecraft:iron_leggings":1,"minecraft:dark_oak_sapling":4},"minecraft:mined":{"minecraft:deepslate_redstone_ore":6,"minecraft:tuff":1,"minecraft:dark_oak_leaves":1,"minecraft:dark_oak_log":48,"minecraft:crafting_table":7,"minecraft:torch":1,"minecraft:grass_block":13,"minecraft:cobblestone":7,"minecraft:deepslate_coal_ore":1,"minecraft:deepslate_gold_ore":8,"quark:orange_corundum_cluster":1,"minecraft:diorite":10,"minecraft:furnace":1,"quark:orange_corundum":1,"minecraft:birch_log":59,"minecraft:iron_ore":23,"minecraft:andesite":2,"minecraft:deepslate_lapis_ore":8,"minecraft:grass":6,"minecraft:coal_ore":10,"minecraft:deepslate_iron_ore":21,"minecraft:lantern":1,"minecraft:gravel":31,"minecraft:dirt":23,"minecraft:stone":221,"samurai_dynasty:deepslate_onyx_ore":3,"minecraft:deepslate":29}},"DataVersion":3465}