{"stats":{"minecraft:picked_up":{"minecraft:crafting_table":8,"quark:orange_corundum":1,"minecraft:flower_pot":1,"minecraft:gold_block":1,"minecraft:string":3,"minecraft:raw_copper":21,"minecraft:cobbled_deepslate":27,"minecraft:beef":30,"samurai_dynasty:onyx":3,"minecraft:sugar_cane":7,"minecraft:birch_sapling":26,"quark:orange_corundum_cluster":2,"minecraft:furnace":1,"minecraft:dark_oak_sapling":4,"minecraft:raw_iron":54,"minecraft:stick":22,"minecraft:torch":1,"quark:yellow_corundum_cluster":6,"minecraft:porkchop":21,"minecraft:cherry_log":5,"minecraft:pointed_dripstone":4,"minecraft:diorite":10,"minecraft:redstone":26,"quark:yellow_corundum":3,"minecraft:arrow":4,"minecraft:rotten_flesh":10,"minecraft:hay_block":16,"minecraft:mutton":13,"minecraft:white_wool":10,"minecraft:cobblestone":274,"minecraft:birch_log":59,"minecraft:cooked_beef":2,"minecraft:andesite":2,"minecraft:leather":12,"minecraft:smoker":1,"minecraft:flint":1,"minecraft:tuff":3,"minecraft:gunpowder":1,"alexsmobs:rocky_shell":1,"minecraft:lapis_lazuli":79,"minecraft:dirt":43,"minecraft:lantern":1,"minecraft:bone":3,"minecraft:wheat_seeds":1,"minecraft:raw_gold":8,"minecraft:iron_sword":1,"minecraft:scaffolding":1,"minecraft:birch_boat":8,"minecraft:pumpkin":1,"minecraft:gravel":30,"minecraft:blast_furnace":3,"minecraft:dark_oak_log":46,"minecraft:spider_eye":1,"minecraft:granite":2,"minecraft:cherry_sapling":12,"minecraft:oak_sapling":1,"minecraft:coal":85},"minecraft:broken":{"simple_weapons:stone_scimitar":1,"minecraft:wooden_pickaxe":1,"minecraft:stone_pickaxe":2},"minecraft:custom":{"minecraft:mob_kills":51,"minecraft:animals_bred":1,"minecraft:interact_with_crafting_table":29,"minecraft:time_since_death":122871,"minecraft:sprint_one_cm":291370,"minecraft:walk_one_cm":238640,"minecraft:damage_blocked_by_shield":180,"minecraft:drop":24,"minecraft:talked_to_villager":2,"minecraft:play_time":122871,"minecraft:sneak_time":2260,"minecraft:walk_under_water_one_cm":4048,"minecraft:jump":1055,"minecraft:walk_on_water_one_cm":12479,"minecraft:total_world_time":122871,"minecraft:interact_with_furnace":37,"minecraft:traded_with_villager":4,"minecraft:interact_with_loom":1,"minecraft:sleep_in_bed":1,"minecraft:time_since_rest":34758,"minecraft:damage_taken":482,"minecraft:damage_dealt":7014,"minecraft:fly_one_cm":112379,"minecraft:swim_one_cm":1437,"minecraft:open_chest":39,"minecraft:crouch_one_cm":5124,"minecraft:fall_one_cm":15088},"minecraft:dropped":{"minecraft:iron_sword":1,"minecraft:cooked_beef":1,"minecraft:cherry_log":5,"minecraft:cobblestone":10,"minecraft:pumpkin":1,"minecraft:birch_sapling":1,"minecraft:rotten_flesh":10},"minecraft:crafted":{"simple_weapons:iron_scimitar":1,"minecraft:stone_shovel":1,"minecraft:birch_boat":1,"minecraft:furnace":4,"quark:dark_oak_chest":2,"minecraft:iron_boots":1,"simple_weapons:stone_sickle":1,"minecraft:iron_hoe":1,"minecraft:stone_pickaxe":2,"minecraft:dark_oak_planks":116,"minecraft:cooked_beef":9,"minecraft:emerald":4,"minecraft:cooked_porkchop":11,"minecraft:crafting_table":2,"minecraft:wooden_pickaxe":1,"minecraft:iron_helmet":1,"minecraft:iron_sword":1,"minecraft:bucket":1,"minecraft:birch_planks":100,"minecraft:stone_axe":1,"simple_weapons:stone_scimitar":1,"minecraft:iron_chestplate":1,"minecraft:charcoal":11,"minecraft:shield":1,"minecraft:stick":24,"minecraft:iron_ingot":47,"simple_weapons:iron_greatsword":1,"minecraft:iron_pickaxe":1,"minecraft:stone_sword":1,"minecraft:iron_leggings":1,"minecraft:gold_ingot":8,"minecraft:white_bed":1,"minecraft:torch":52},"minecraft:killed":{"minecraft:spider":2,"minecraft:skeleton":4,"minecraft:pig":12,"minecraft:creeper":1,"minecraft:sheep":10,"minecraft:zombie":1,"minecraft:cow":14,"enemyexpansion:slugger":7},"minecraft:used":{"minecraft:stone_sword":43,"minecraft:stone_shovel":25,"minecraft:shield":3,"minecraft:iron_sword":9,"minecraft:iron_chestplate":1,"minecraft:torch":34,"minecraft:dirt":3,"simple_weapons:stone_scimitar":129,"minecraft:iron_hoe":16,"minecraft:iron_helmet":1,"minecraft:iron_boots":1,"minecraft:oak_sapling":1,"minecraft:furnace":4,"minecraft:cooked_beef":7,"minecraft:cobbled_deepslate":1,"minecraft:iron_leggings":1,"minecraft:dark_oak_sapling":4,"minecraft:stone_pickaxe":265,"minecraft:wooden_pickaxe":59,"minecraft:birch_boat":8,"minecraft:crafting_table":9,"minecraft:white_bed":1,"minecraft:iron_pickaxe":175,"minecraft:gravel":27,"minecraft:stone_axe":136,"quark:dark_oak_chest":2,"minecraft:cobblestone":127,"minecraft:cooked_porkchop":4,"minecraft:birch_log":1,"alexsmobs:animal_dictionary":1},"minecraft:mined":{"minecraft:tuff":1,"minecraft:dark_oak_leaves":1,"minecraft:cherry_log":16,"minecraft:dark_oak_log":48,"minecraft:granite":2,"minecraft:grass_block":13,"quark:yellow_corundum":3,"quark:orange_corundum_cluster":1,"minecraft:spawner":1,"minecraft:hay_block":16,"minecraft:furnace":1,"quark:orange_corundum":1,"minecraft:iron_ore":32,"minecraft:andesite":2,"minecraft:pumpkin":1,"minecraft:deepslate_lapis_ore":8,"minecraft:gold_block":1,"minecraft:deepslate_iron_ore":21,"minecraft:lantern":1,"minecraft:stone":252,"samurai_dynasty:deepslate_onyx_ore":3,"minecraft:deepslate_redstone_ore":6,"minecraft:scaffolding":1,"minecraft:smoker":1,"minecraft:crafting_table":8,"minecraft:torch":1,"minecraft:blast_furnace":3,"minecraft:cobblestone":13,"minecraft:copper_ore":6,"minecraft:deepslate_coal_ore":1,"minecraft:deepslate_gold_ore":8,"minecraft:lapis_ore":5,"minecraft:potted_oak_sapling":1,"minecraft:sugar_cane":3,"minecraft:diorite":10,"minecraft:birch_log":59,"minecraft:birch_leaves":1,"minecraft:grass":6,"minecraft:coal_ore":81,"minecraft:gravel":31,"minecraft:dirt":30,"quark:yellow_corundum_cluster":1,"minecraft:deepslate":29}},"DataVersion":3465}