{"stats":{"minecraft:dropped":{"sophisticatedbackpacks:iron_backpack":2,"minecraft:iron_sword":8,"minecraft:soul_sand":7,"minecraft:porkchop":2,"minecraft:diamond_axe":1,"minecraft:cooked_beef":26,"minecraft:oak_log":1,"minecraft:glow_ink_sac":1,"ecologics:music_disc_coconut":2,"immersive_armors:divine_helmet":2,"minecraft:diamond":3,"ecologics:coconut_slice":9,"minecraft:lime_terracotta":11,"minecraft:warped_roots":1,"minecraft:fletching_table":2,"immersive_armors:wither_leggings":1,"samurai_dynasty:ruby":1,"minecraft:leather_helmet":3,"minecraft:flint":2,"minecraft:emerald":24,"minecraft:cyan_terracotta":5,"minecraft:dirt":26,"minecraft:polished_blackstone_brick_stairs":3,"alexsmobs:flying_fish":2,"gravestone:obituary":2,"minecraft:gold_nugget":422,"minecraft:sand":20,"minecraft:polished_blackstone_bricks":2,"minecraft:iron_pickaxe":2,"samurai_dynasty:oni_horn":1,"minecraft:white_wool":1,"minecraft:armor_stand":2,"minecraft:gold_ingot":55,"minecraft:bone":7,"minecraft:gravel":56,"enemyexpansion:horsehead_helmet":2,"minecraft:crimson_fungus":1,"minecraft:blackstone":5,"minecraft:iron_nugget":5,"minecraft:golden_chestplate":1,"minecraft:cobbled_deepslate":27,"minecraft:nether_brick":2,"minecraft:wheat":23,"minecraft:birch_sapling":1,"minecraft:obsidian":2,"minecraft:rotten_flesh":35,"minecraft:diamond_shovel":4,"minecraft:cooked_mutton":11,"minecraft:chainmail_chestplate":23,"alexsmobs:leafcutter_ant_pupa":2,"minecraft:leather_chestplate":3,"alexsmobs:blood_sac":8,"minecraft:gunpowder":2,"minecraft:leather_boots":2,"ecologics:coconut_husk":2,"minecraft:leather_leggings":2,"minecraft:red_nether_bricks":4,"minecraft:basalt":24,"minecraft:arrow":76,"minecraft:crying_obsidian":2,"minecraft:quartz":6,"minecraft:netherrack":109,"quark:orange_corundum":10,"minecraft:egg":1,"minecraft:golden_boots":3,"minecraft:enchanted_book":1,"minecraft:iron_ingot":32,"minecraft:bread":47,"minecraft:wheat_seeds":2,"simple_weapons:iron_scimitar":4,"minecraft:cherry_log":5,"immersive_armors:wither_chestplate":1,"minecraft:diamond_leggings":2,"quark:orange_corundum_cluster":16,"minecraft:book":1,"minecraft:iron_helmet":3,"minecraft:oak_fence":3,"minecraft:feather":4,"minecraft:cobblestone":14,"minecraft:prismarine_crystals":4,"minecraft:spectral_arrow":6,"minecraft:amethyst_block":2,"minecraft:apple":10,"minecraft:granite":2,"minecraft:copper_ingot":1,"minecraft:coal":76,"minecraft:golden_apple":10,"minecraft:stick":48,"simple_weapons:stone_sickle":1,"minecraft:diorite":3,"minecraft:golden_carrot":7,"minecraft:torch":14,"minecraft:repeater":3,"minecraft:blackstone_wall":2,"minecraft:nether_wart_block":2,"minecraft:melon_slice":6,"minecraft:zombie_head":1,"minecraft:diamond_helmet":2,"minecraft:potion":1,"minecraft:iron_leggings":1,"minecraft:oak_stairs":21,"minecraft:pumpkin":1,"minecraft:iron_axe":1,"minecraft:chainmail_leggings":3,"minecraft:paper":3,"minecraft:string":114,"quark:red_corundum_cluster":3,"minecraft:tuff":5,"simple_weapons:diamond_scimitar":1,"minecraft:iron_boots":4,"minecraft:spruce_fence":2,"minecraft:filled_map":1,"minecraft:potato":6,"minecraft:hay_block":35,"minecraft:shield":9,"minecraft:flower_pot":1,"minecraft:diamond_chestplate":2,"minecraft:iron_chestplate":1,"minecraft:diamond_pickaxe":5,"minecraft:golden_leggings":1,"minecraft:oak_sapling":2,"handcrafted:hammer":1,"minecraft:spider_eye":2,"minecraft:stone_bricks":34,"minecraft:brown_carpet":4,"minecraft:diamond_boots":4,"minecraft:slime_ball":1,"minecraft:birch_boat":1,"minecraft:red_sand":1,"minecraft:bow":2,"minecraft:raw_gold":3,"quark:red_corundum":3},"minecraft:mined":{"minecraft:red_nether_brick_slab":7,"minecraft:cherry_log":16,"alexsmobs:leafcutter_anthill":3,"minecraft:jungle_leaves":36,"minecraft:red_nether_bricks":12,"minecraft:brewing_stand":1,"minecraft:obsidian":23,"minecraft:granite":3,"minecraft:stone_brick_wall":1,"minecraft:grass_block":17,"minecraft:cracked_polished_blackstone_bricks":19,"quark:yellow_corundum":3,"minecraft:coal_block":132,"minecraft:crimson_fungus":2,"minecraft:spawner":2,"minecraft:gilded_blackstone":5,"minecraft:polished_blackstone_bricks":27,"minecraft:weeping_vines_plant":1,"minecraft:magma_block":116,"minecraft:red_nether_brick_stairs":6,"minecraft:iron_ore":52,"minecraft:fire":5,"minecraft:cobbled_deepslate":6,"minecraft:pumpkin":1,"minecraft:anvil":1,"minecraft:deepslate_lapis_ore":14,"minecraft:fletching_table":2,"minecraft:iron_bars":1,"minecraft:oak_stairs":14,"minecraft:iron_block":9,"samurai_dynasty:spirit_stone_base":2,"minecraft:deepslate_redstone_ore":14,"minecraft:cyan_terracotta":34,"minecraft:blackstone":65,"minecraft:crimson_nylium":37,"minecraft:smoker":2,"minecraft:clay":16,"minecraft:torch":2,"minecraft:blast_furnace":13,"minecraft:white_stained_glass_pane":1,"minecraft:nether_quartz_ore":169,"minecraft:cobblestone":25,"minecraft:oak_planks":3,"minecraft:sugar_cane":3,"minecraft:potted_oak_sapling":1,"minecraft:grindstone":1,"minecraft:damaged_anvil":4,"minecraft:iron_door":2,"minecraft:amethyst_block":2,"minecraft:cauldron":1,"minecraft:skeleton_skull":1,"minecraft:light_weighted_pressure_plate":1,"minecraft:repeater":1,"minecraft:warped_nylium":22,"minecraft:nether_wart_block":6,"samurai_dynasty:deepslate_silver_ore":19,"minecraft:birch_log":106,"minecraft:wheat":1,"samurai_dynasty:deepslate_jade_ore":13,"samurai_dynasty:deepslate_ruby_ore":1,"samurai_dynasty:silver_ore":3,"minecraft:grass":37,"minecraft:oak_log":1,"minecraft:lime_terracotta":11,"minecraft:sand":29,"minecraft:dirt":48,"quark:yellow_corundum_cluster":1,"minecraft:smooth_basalt":26,"minecraft:raw_copper_block":1,"minecraft:netherrack":2138,"minecraft:deepslate":267,"minecraft:oak_leaves":24,"minecraft:daylight_detector":4,"minecraft:nether_gold_ore":119,"minecraft:tuff":10,"minecraft:blackstone_wall":2,"minecraft:mossy_cobblestone":7,"minecraft:deepslate_diamond_ore":5,"minecraft:dark_oak_leaves":1,"samurai_dynasty:deepslate_aquamarine_ore":4,"minecraft:dark_oak_log":48,"gravestone:gravestone":4,"minecraft:spruce_fence":5,"minecraft:crimson_roots":7,"alexsmobs:leafcutter_ant_chamber":8,"quark:orange_corundum_cluster":1,"minecraft:hay_block":35,"minecraft:redstone_ore":1,"minecraft:furnace":1,"quark:orange_corundum":1,"minecraft:andesite":30,"minecraft:gold_block":15,"minecraft:bookshelf":43,"minecraft:deepslate_iron_ore":108,"minecraft:vine":2,"minecraft:lantern":1,"minecraft:bamboo":50,"minecraft:stone":301,"samurai_dynasty:deepslate_onyx_ore":7,"minecraft:white_wool":9,"minecraft:smithing_table":1,"minecraft:oak_slab":5,"minecraft:scaffolding":5,"minecraft:gray_concrete":3,"minecraft:basalt":86,"minecraft:brown_carpet":2,"minecraft:oak_fence":3,"minecraft:crafting_table":13,"minecraft:warped_roots":1,"minecraft:campfire":12,"minecraft:lectern":1,"minecraft:copper_ore":6,"minecraft:tall_grass":7,"minecraft:deepslate_coal_ore":1,"minecraft:lapis_ore":5,"minecraft:deepslate_gold_ore":66,"minecraft:polished_blackstone_brick_stairs":3,"minecraft:diorite":22,"minecraft:warped_wart_block":2,"minecraft:coarse_dirt":3,"minecraft:birch_leaves":2,"minecraft:coal_ore":81,"minecraft:zombie_head":1,"minecraft:gravel":37,"minecraft:cobweb":53,"minecraft:stone_bricks":82,"minecraft:chipped_anvil":2,"minecraft:fern":3},"minecraft:used":{"minecraft:writable_book":1,"minecraft:shield":83,"minecraft:iron_sword":301,"minecraft:iron_chestplate":1,"minecraft:snowball":1,"minecraft:obsidian":29,"minecraft:cyan_terracotta":14,"minecraft:lava_bucket":2,"minecraft:lantern":9,"minecraft:iron_helmet":2,"minecraft:stone_bricks":30,"minecraft:item_frame":1,"minecraft:bow":140,"quark:birch_bookshelf":37,"minecraft:oak_sapling":1,"minecraft:furnace":4,"minecraft:egg":4,"minecraft:dark_oak_sapling":4,"minecraft:golden_boots":3,"minecraft:damaged_anvil":3,"minecraft:diamond_boots":4,"minecraft:stone_pickaxe":265,"minecraft:blackstone":60,"minecraft:wooden_pickaxe":59,"minecraft:leather_chestplate":1,"simple_weapons:diamond_scimitar":729,"minecraft:white_wool":2,"minecraft:golden_apple":4,"minecraft:blast_furnace":9,"simple_weapons:iron_scimitar":31,"minecraft:crossbow":2,"simple_weapons:stone_sickle":10,"minecraft:redstone_torch":2,"minecraft:string":1,"minecraft:bread":199,"minecraft:gravel":28,"ecologics:coconut_slice":2,"minecraft:nether_wart_block":4,"minecraft:andesite":3,"minecraft:birch_log":1,"minecraft:experience_bottle":9,"quark:birch_chest":4,"minecraft:stone_sword":43,"minecraft:flint_and_steel":1,"minecraft:enchanting_table":1,"minecraft:stone_shovel":53,"minecraft:cooked_salmon":5,"minecraft:netherrack":385,"minecraft:torch":86,"simple_weapons:stone_scimitar":129,"minecraft:dirt":22,"minecraft:anvil":2,"minecraft:twisting_vines":1,"minecraft:diamond_helmet":10,"minecraft:golden_chestplate":1,"minecraft:spruce_fence":1,"minecraft:iron_hoe":37,"minecraft:chipped_anvil":2,"minecraft:iron_axe":164,"minecraft:iron_boots":1,"minecraft:smooth_basalt":5,"minecraft:diamond_chestplate":4,"minecraft:basalt":23,"minecraft:golden_carrot":1,"alexsmobs:banana":1,"minecraft:netherite_pickaxe":113,"minecraft:cooked_beef":7,"minecraft:cobbled_deepslate":170,"minecraft:iron_leggings":1,"minecraft:cooked_mutton":4,"minecraft:water_bucket":2,"minecraft:birch_planks":2,"minecraft:birch_boat":14,"minecraft:leather_boots":1,"minecraft:polished_blackstone_bricks":12,"minecraft:crafting_table":18,"minecraft:white_bed":2,"alexsmobs:leafcutter_ant_pupa":6,"minecraft:smoker":1,"minecraft:apple":2,"minecraft:diamond_pickaxe":2339,"minecraft:iron_pickaxe":1590,"minecraft:stone_axe":142,"quark:dark_oak_chest":2,"minecraft:cobblestone":197,"minecraft:cooked_porkchop":6,"minecraft:bucket":5,"alexsmobs:animal_dictionary":1,"enemyexpansion:horsehead_helmet":6,"minecraft:diamond_leggings":2},"minecraft:custom":{"minecraft:animals_bred":1,"minecraft:interact_with_crafting_table":80,"minecraft:open_barrel":137,"minecraft:eat_cake_slice":6,"minecraft:leave_game":5,"minecraft:time_since_death":138535,"minecraft:sprint_one_cm":1654877,"minecraft:damage_blocked_by_shield":7052,"minecraft:drop":336,"minecraft:talked_to_villager":99,"minecraft:play_time":840577,"minecraft:deaths":17,"minecraft:jump":5724,"minecraft:enchant_item":4,"minecraft:walk_on_water_one_cm":70742,"minecraft:interact_with_furnace":51,"minecraft:traded_with_villager":187,"minecraft:interact_with_loom":2,"minecraft:sleep_in_bed":4,"minecraft:damage_dealt":44181,"minecraft:crouch_one_cm":47894,"minecraft:interact_with_smithing_table":7,"minecraft:inspect_dispenser":1,"minecraft:interact_with_smoker":3,"minecraft:horse_one_cm":15301,"minecraft:interact_with_anvil":27,"minecraft:mob_kills":342,"minecraft:interact_with_campfire":8,"minecraft:damage_dealt_resisted":187,"minecraft:climb_one_cm":20669,"minecraft:walk_one_cm":1574807,"minecraft:damage_dealt_absorbed":4655,"minecraft:sneak_time":25448,"minecraft:walk_under_water_one_cm":21938,"minecraft:interact_with_blast_furnace":42,"minecraft:total_world_time":840577,"minecraft:time_since_rest":7703,"minecraft:damage_absorbed":161,"minecraft:damage_taken":15648,"minecraft:swim_one_cm":22645,"minecraft:fly_one_cm":710856,"minecraft:open_chest":193,"minecraft:fall_one_cm":151239},"minecraft:picked_up":{"minecraft:anvil":1,"minecraft:flower_pot":1,"quark:orange_corundum":11,"minecraft:smithing_table":1,"minecraft:oak_stairs":21,"minecraft:enchanted_book":18,"minecraft:gilded_blackstone":3,"minecraft:nether_brick":2,"minecraft:brewing_stand":1,"minecraft:amethyst_block":2,"minecraft:polished_blackstone_brick_stairs":3,"minecraft:string":73,"minecraft:raw_copper":21,"minecraft:red_nether_bricks":4,"minecraft:armor_stand":6,"minecraft:experience_bottle":9,"minecraft:zombie_head":1,"alexsmobs:banana":1,"minecraft:diamond_leggings":1,"alexsmobs:blood_sac":31,"minecraft:red_sand":1,"minecraft:gold_nugget":418,"minecraft:cobbled_deepslate":272,"samurai_dynasty:raw_silver":22,"minecraft:redstone_torch":6,"samurai_dynasty:onyx":7,"minecraft:iron_pickaxe":2,"alexsmobs:leafcutter_ant_chamber":3,"minecraft:coal_block":159,"minecraft:iron_boots":3,"minecraft:furnace":1,"minecraft:golden_helmet":1,"minecraft:tipped_arrow":10,"minecraft:stick":51,"minecraft:oak_fence":3,"simple_weapons:iron_scimitar":1,"minecraft:torch":130,"quark:yellow_corundum_cluster":6,"minecraft:porkchop":33,"minecraft:cherry_log":5,"minecraft:pointed_dripstone":4,"minecraft:diorite":20,"minecraft:cauldron":1,"samurai_dynasty:spirit_upgrade_smithing_template":4,"minecraft:brown_carpet":4,"minecraft:rotten_flesh":41,"minecraft:blackstone_wall":2,"minecraft:iron_block":9,"minecraft:cyan_terracotta":20,"minecraft:obsidian":36,"minecraft:iron_bars":1,"minecraft:snowball":1,"minecraft:blaze_powder":2,"alexsmobs:flying_fish":5,"minecraft:cobblestone":321,"minecraft:birch_log":106,"minecraft:leather_chestplate":3,"minecraft:feather":4,"minecraft:cooked_beef":2,"minecraft:repeater":3,"minecraft:magma_cream":12,"minecraft:iron_door":1,"minecraft:andesite":22,"minecraft:golden_leggings":1,"minecraft:smoker":2,"minecraft:flint":3,"minecraft:tuff":10,"alexsmobs:rocky_shell":1,"minecraft:lapis_lazuli":125,"minecraft:dirt":61,"minecraft:lantern":16,"minecraft:twisting_vines":1,"minecraft:leather_boots":2,"minecraft:chipped_anvil":4,"minecraft:bone":14,"ecologics:music_disc_coconut":1,"minecraft:bow":5,"minecraft:wheat_seeds":4,"minecraft:raw_gold":68,"minecraft:grindstone":1,"minecraft:diamond_helmet":2,"minecraft:fletching_table":2,"minecraft:cooked_porkchop":4,"minecraft:lime_terracotta":11,"minecraft:sand":40,"handcrafted:hammer":2,"sophisticatedbackpacks:iron_backpack":5,"quark:red_corundum":3,"minecraft:spectral_arrow":18,"minecraft:dark_oak_log":46,"minecraft:diamond":5,"minecraft:coarse_dirt":3,"minecraft:writable_book":3,"minecraft:cracked_polished_blackstone_bricks":16,"minecraft:granite":3,"minecraft:crossbow":1,"simple_weapons:diamond_scimitar":3,"minecraft:golden_apple":9,"minecraft:emerald":137,"minecraft:bread":161,"immersive_armors:divine_helmet":3,"minecraft:oak_sapling":2,"minecraft:netherrack":589,"minecraft:crimson_roots":1,"minecraft:diamond_pickaxe":6,"minecraft:charcoal":24,"minecraft:crafting_table":13,"minecraft:chicken":1,"minecraft:clay_ball":64,"minecraft:leather_leggings":2,"minecraft:stone_brick_wall":1,"minecraft:gold_block":13,"gravestone:obituary":1,"minecraft:shield":4,"simple_weapons:stone_sickle":1,"alexsmobs:pigshoes":1,"minecraft:flint_and_steel":3,"minecraft:netherite_scrap":2,"minecraft:item_frame":7,"minecraft:blackstone":139,"minecraft:beef":34,"minecraft:iron_nugget":51,"minecraft:lectern":1,"minecraft:sugar_cane":7,"minecraft:birch_sapling":38,"minecraft:egg":5,"samurai_dynasty:aquamarine":4,"quark:orange_corundum_cluster":18,"minecraft:dark_oak_sapling":4,"minecraft:raw_iron":174,"ecologics:coconut_slice":15,"minecraft:copper_ingot":1,"sophisticatedbackpacks:backpack":1,"minecraft:spruce_fence":3,"minecraft:fire_charge":2,"minecraft:polished_blackstone_bricks":25,"immersive_armors:wither_leggings":1,"minecraft:carrot":1,"minecraft:redstone":67,"alexsmobs:leafcutter_ant_pupa":8,"samurai_dynasty:akaname_tongue":3,"minecraft:prismarine_crystals":4,"quark:yellow_corundum":3,"minecraft:arrow":120,"minecraft:diamond_chestplate":2,"minecraft:diamond_boots":4,"minecraft:hay_block":35,"minecraft:gold_ingot":18,"minecraft:mutton":13,"minecraft:skeleton_skull":1,"minecraft:white_wool":16,"minecraft:bone_block":14,"enemyexpansion:horsehead_helmet":2,"minecraft:basalt":55,"minecraft:golden_carrot":9,"minecraft:glow_ink_sac":1,"minecraft:crimson_stem":6,"samurai_dynasty:ruby":2,"minecraft:leather":34,"samurai_dynasty:jade":13,"minecraft:birch_planks":6,"minecraft:crimson_fungus":1,"minecraft:oak_log":1,"minecraft:chainmail_chestplate":11,"minecraft:ancient_debris":3,"minecraft:golden_boots":2,"minecraft:nether_wart_block":6,"minecraft:gunpowder":5,"alexsmobs:mosquito_proboscis":13,"minecraft:paper":2,"minecraft:cooked_mutton":4,"minecraft:apple":17,"minecraft:stone_bricks":64,"minecraft:iron_ingot":40,"minecraft:stone_pickaxe":1,"minecraft:glass_bottle":2,"minecraft:iron_sword":10,"minecraft:soul_sand":15,"minecraft:book":131,"minecraft:scaffolding":5,"minecraft:smooth_basalt":5,"quark:red_corundum_cluster":3,"minecraft:birch_boat":15,"minecraft:pumpkin":1,"minecraft:daylight_detector":3,"minecraft:quartz":94,"minecraft:gravel":100,"minecraft:lava_bucket":3,"immersive_armors:wither_chestplate":1,"minecraft:soul_torch":2,"minecraft:blast_furnace":13,"minecraft:crying_obsidian":4,"minecraft:spider_eye":2,"minecraft:leather_helmet":3,"samurai_dynasty:oni_horn":1,"samurai_dynasty:spirit_stone_base":2,"minecraft:firework_rocket":1,"minecraft:diamond_shovel":4,"minecraft:slime_ball":1,"minecraft:chainmail_leggings":3,"minecraft:diamond_axe":2,"minecraft:cherry_sapling":12,"minecraft:warped_roots":3,"minecraft:damaged_anvil":5,"minecraft:coal":211,"minecraft:ender_pearl":6},"minecraft:crafted":{"minecraft:birch_wood":3,"quark:birch_chest":6,"minecraft:birch_boat":1,"sophisticatedbackpacks:crafting_upgrade":1,"minecraft:cooked_mutton":11,"minecraft:quartz_block":19,"minecraft:diamond_helmet":4,"minecraft:diamond_leggings":4,"minecraft:iron_boots":1,"simple_weapons:stone_sickle":1,"minecraft:golden_boots":1,"sophisticatedbackpacks:backpack":1,"minecraft:emerald":151,"minecraft:cooked_porkchop":11,"minecraft:crafting_table":6,"minecraft:wooden_pickaxe":1,"minecraft:iron_helmet":1,"minecraft:chainmail_chestplate":12,"minecraft:fletching_table":1,"minecraft:birch_planks":380,"sophisticatedbackpacks:upgrade_base":1,"minecraft:iron_chestplate":1,"minecraft:diamond_pickaxe":1,"minecraft:charcoal":11,"minecraft:shield":7,"minecraft:stick":76,"minecraft:iron_ingot":243,"simple_weapons:iron_greatsword":1,"minecraft:iron_pickaxe":6,"minecraft:iron_block":3,"minecraft:stone_sword":1,"minecraft:gold_ingot":136,"minecraft:netherite_ingot":1,"simple_weapons:iron_scimitar":1,"minecraft:coal":1431,"minecraft:stone_shovel":1,"minecraft:furnace":4,"quark:dark_oak_chest":2,"minecraft:iron_axe":1,"minecraft:iron_hoe":1,"minecraft:stone_pickaxe":2,"minecraft:diamond_boots":2,"minecraft:netherite_scrap":4,"minecraft:dark_oak_planks":116,"quark:birch_bookshelf":38,"sophisticatedbackpacks:iron_backpack":3,"simple_weapons:diamond_scimitar":1,"minecraft:cooked_beef":40,"minecraft:netherite_pickaxe":1,"minecraft:enchanting_table":1,"minecraft:iron_sword":1,"minecraft:bucket":1,"minecraft:stone_axe":1,"simple_weapons:stone_scimitar":1,"minecraft:golden_apple":1,"handcrafted:hammer":1,"minecraft:iron_leggings":1,"minecraft:anvil":1,"minecraft:white_bed":2,"minecraft:torch":120,"minecraft:diamond_chestplate":4},"minecraft:killed_by":{"mythicmounts:netherbat":1,"minecraft:piglin":3,"enemyexpansion:trollenraged":3,"minecraft:spider":1,"alexsmobs:crimson_mosquito":5},"minecraft:broken":{"minecraft:golden_boots":2,"simple_weapons:stone_scimitar":1,"minecraft:stone_pickaxe":2,"minecraft:stone_axe":1,"minecraft:diamond_leggings":1,"minecraft:wooden_pickaxe":1,"minecraft:shield":1,"minecraft:iron_pickaxe":2},"minecraft:killed":{"alexsmobs:lobster":1,"minecraft:cave_spider":1,"minecraft:witch":1,"mythicmounts:nightmare":2,"enemyexpansion:equestrian":1,"minecraft:spider":10,"minecraft:skeleton":7,"alexsmobs:leafcutter_ant":12,"minecraft:chicken":1,"alexsmobs:straddler":5,"minecraft:piglin_brute":6,"minecraft:magma_cube":57,"minecraft:piglin":21,"minecraft:pig":14,"minecraft:zombie_villager":1,"samurai_dynasty:akaname":3,"alexsmobs:stradpole":6,"minecraft:creeper":3,"alexsmobs:crimson_mosquito":44,"minecraft:sheep":10,"minecraft:zombie":30,"enemyexpansion:botfly":11,"minecraft:blaze":13,"minecraft:cow":16,"enemyexpansion:trollenraged":1,"minecraft:vex":1,"enemyexpansion:direwolf":1,"minecraft:phantom":2,"alexsmobs:flying_fish":1,"quark:foxhound":3,"samurai_dynasty:oni":1,"minecraft:hoglin":7,"mythicmounts:netherbat":5,"enemyexpansion:slugger":9}},"DataVersion":3465}