{"stats":{"minecraft:picked_up":{"minecraft:crafting_table":9,"quark:orange_corundum":1,"minecraft:flower_pot":1,"minecraft:leather_leggings":2,"minecraft:oak_stairs":11,"minecraft:gold_block":1,"minecraft:enchanted_book":1,"minecraft:string":6,"minecraft:raw_copper":21,"minecraft:item_frame":5,"minecraft:armor_stand":6,"minecraft:experience_bottle":2,"minecraft:cobbled_deepslate":27,"minecraft:beef":32,"samurai_dynasty:onyx":3,"minecraft:lectern":1,"minecraft:coal_block":11,"minecraft:sugar_cane":7,"minecraft:birch_sapling":26,"quark:orange_corundum_cluster":2,"minecraft:furnace":1,"minecraft:dark_oak_sapling":4,"minecraft:raw_iron":54,"minecraft:stick":24,"ecologics:coconut_slice":14,"minecraft:oak_fence":3,"minecraft:torch":1,"minecraft:spruce_fence":2,"quark:yellow_corundum_cluster":6,"minecraft:porkchop":24,"minecraft:cherry_log":5,"minecraft:pointed_dripstone":4,"minecraft:diorite":10,"minecraft:redstone":26,"minecraft:prismarine_crystals":4,"minecraft:cauldron":1,"minecraft:brown_carpet":4,"quark:yellow_corundum":3,"minecraft:arrow":6,"minecraft:rotten_flesh":17,"minecraft:diamond_boots":2,"minecraft:hay_block":35,"minecraft:skeleton_skull":1,"minecraft:mutton":13,"alexsmobs:flying_fish":2,"minecraft:white_wool":15,"minecraft:cobblestone":274,"minecraft:birch_log":59,"minecraft:leather_chestplate":3,"minecraft:cooked_beef":2,"minecraft:andesite":2,"minecraft:leather":16,"minecraft:smoker":1,"minecraft:flint":1,"minecraft:tuff":3,"minecraft:gunpowder":1,"minecraft:paper":2,"alexsmobs:rocky_shell":1,"minecraft:lapis_lazuli":79,"minecraft:dirt":43,"minecraft:lantern":4,"minecraft:leather_boots":1,"minecraft:cooked_mutton":4,"minecraft:bone":13,"ecologics:music_disc_coconut":1,"minecraft:stone_bricks":1,"minecraft:bow":1,"minecraft:wheat_seeds":1,"minecraft:raw_gold":8,"minecraft:stone_pickaxe":1,"minecraft:iron_sword":3,"minecraft:book":82,"minecraft:scaffolding":5,"minecraft:cooked_porkchop":4,"minecraft:birch_boat":12,"minecraft:pumpkin":1,"minecraft:gravel":30,"minecraft:sand":40,"minecraft:blast_furnace":3,"minecraft:dark_oak_log":46,"minecraft:spider_eye":1,"minecraft:leather_helmet":3,"minecraft:firework_rocket":1,"minecraft:slime_ball":1,"minecraft:writable_book":1,"minecraft:granite":2,"minecraft:cherry_sapling":12,"minecraft:emerald":2,"minecraft:oak_sapling":1,"minecraft:coal":85,"minecraft:ender_pearl":1},"minecraft:broken":{"simple_weapons:stone_scimitar":1,"minecraft:wooden_pickaxe":1,"minecraft:stone_pickaxe":2,"minecraft:stone_axe":1},"minecraft:custom":{"minecraft:mob_kills":74,"minecraft:animals_bred":1,"minecraft:interact_with_crafting_table":35,"minecraft:open_barrel":6,"minecraft:interact_with_campfire":8,"minecraft:time_since_death":176871,"minecraft:climb_one_cm":2251,"minecraft:sprint_one_cm":391612,"minecraft:walk_one_cm":319527,"minecraft:damage_blocked_by_shield":1185,"minecraft:drop":62,"minecraft:talked_to_villager":16,"minecraft:play_time":176871,"minecraft:sneak_time":2312,"minecraft:walk_under_water_one_cm":13095,"minecraft:jump":1295,"minecraft:interact_with_blast_furnace":4,"minecraft:walk_on_water_one_cm":26334,"minecraft:total_world_time":176871,"minecraft:interact_with_furnace":37,"minecraft:traded_with_villager":5,"minecraft:interact_with_loom":1,"minecraft:sleep_in_bed":1,"minecraft:time_since_rest":88758,"minecraft:damage_taken":1019,"minecraft:damage_dealt":9897,"minecraft:fly_one_cm":156426,"minecraft:swim_one_cm":13998,"minecraft:open_chest":65,"minecraft:crouch_one_cm":5124,"minecraft:fall_one_cm":19529},"minecraft:dropped":{"minecraft:iron_sword":3,"minecraft:cooked_beef":1,"minecraft:cherry_log":5,"ecologics:music_disc_coconut":2,"ecologics:coconut_slice":4,"minecraft:cobblestone":10,"minecraft:prismarine_crystals":4,"minecraft:granite":2,"minecraft:leather_helmet":3,"minecraft:oak_stairs":11,"minecraft:pumpkin":1,"minecraft:sand":20,"minecraft:paper":2,"minecraft:armor_stand":2,"minecraft:bone":6,"minecraft:birch_sapling":1,"minecraft:rotten_flesh":17,"minecraft:iron_boots":1,"minecraft:spruce_fence":2,"minecraft:filled_map":1,"minecraft:leather_chestplate":3,"minecraft:leather_boots":1,"ecologics:coconut_husk":2,"minecraft:leather_leggings":2,"minecraft:stone_bricks":1,"minecraft:brown_carpet":4,"minecraft:slime_ball":1,"minecraft:birch_boat":1},"minecraft:crafted":{"simple_weapons:iron_scimitar":1,"minecraft:coal":99,"minecraft:stone_shovel":1,"quark:birch_chest":1,"minecraft:birch_boat":1,"minecraft:furnace":4,"quark:dark_oak_chest":2,"minecraft:iron_boots":1,"minecraft:iron_axe":1,"simple_weapons:stone_sickle":1,"minecraft:iron_hoe":1,"minecraft:stone_pickaxe":2,"minecraft:dark_oak_planks":116,"sophisticatedbackpacks:iron_backpack":1,"minecraft:cooked_beef":9,"sophisticatedbackpacks:backpack":1,"minecraft:emerald":5,"minecraft:cooked_porkchop":11,"minecraft:crafting_table":2,"minecraft:wooden_pickaxe":1,"minecraft:iron_helmet":1,"minecraft:iron_sword":1,"minecraft:bucket":1,"minecraft:birch_planks":100,"minecraft:stone_axe":1,"simple_weapons:stone_scimitar":1,"minecraft:iron_chestplate":1,"minecraft:charcoal":11,"minecraft:shield":1,"minecraft:stick":24,"minecraft:iron_ingot":56,"simple_weapons:iron_greatsword":1,"minecraft:iron_pickaxe":1,"minecraft:stone_sword":1,"minecraft:iron_leggings":1,"minecraft:gold_ingot":8,"minecraft:white_bed":1,"minecraft:torch":52},"minecraft:killed":{"minecraft:spider":4,"minecraft:skeleton":5,"alexsmobs:flying_fish":1,"minecraft:pig":13,"minecraft:creeper":1,"minecraft:sheep":10,"minecraft:zombie":8,"enemyexpansion:botfly":9,"minecraft:cow":15,"enemyexpansion:slugger":7},"minecraft:used":{"minecraft:stone_sword":43,"minecraft:stone_shovel":52,"minecraft:shield":24,"minecraft:iron_sword":116,"minecraft:iron_chestplate":1,"minecraft:torch":34,"minecraft:dirt":3,"simple_weapons:stone_scimitar":129,"minecraft:iron_hoe":37,"minecraft:iron_axe":42,"minecraft:iron_helmet":1,"minecraft:iron_boots":1,"minecraft:oak_sapling":1,"minecraft:furnace":4,"minecraft:cooked_beef":7,"minecraft:cobbled_deepslate":1,"minecraft:iron_leggings":1,"minecraft:dark_oak_sapling":4,"minecraft:stone_pickaxe":265,"minecraft:wooden_pickaxe":59,"minecraft:birch_boat":11,"minecraft:white_wool":2,"minecraft:crafting_table":10,"minecraft:white_bed":1,"minecraft:bread":8,"minecraft:iron_pickaxe":203,"minecraft:gravel":27,"ecologics:coconut_slice":2,"minecraft:stone_axe":142,"quark:dark_oak_chest":2,"minecraft:cobblestone":127,"minecraft:cooked_porkchop":6,"minecraft:birch_log":1,"alexsmobs:animal_dictionary":1,"minecraft:experience_bottle":2},"minecraft:mined":{"minecraft:tuff":1,"minecraft:dark_oak_leaves":1,"minecraft:cherry_log":16,"minecraft:dark_oak_log":48,"minecraft:granite":2,"minecraft:spruce_fence":2,"minecraft:grass_block":13,"quark:yellow_corundum":3,"minecraft:coal_block":11,"quark:orange_corundum_cluster":1,"minecraft:spawner":1,"minecraft:hay_block":35,"minecraft:furnace":1,"quark:orange_corundum":1,"minecraft:iron_ore":32,"minecraft:andesite":2,"minecraft:pumpkin":1,"minecraft:deepslate_lapis_ore":8,"minecraft:gold_block":1,"minecraft:bookshelf":27,"minecraft:deepslate_iron_ore":21,"minecraft:oak_stairs":4,"minecraft:lantern":1,"minecraft:stone":252,"samurai_dynasty:deepslate_onyx_ore":3,"minecraft:white_wool":6,"minecraft:oak_slab":2,"minecraft:deepslate_redstone_ore":6,"minecraft:scaffolding":5,"minecraft:smoker":1,"minecraft:brown_carpet":2,"minecraft:oak_fence":3,"minecraft:crafting_table":9,"minecraft:torch":1,"minecraft:blast_furnace":3,"minecraft:lectern":1,"minecraft:tall_grass":3,"minecraft:cobblestone":13,"minecraft:copper_ore":6,"minecraft:deepslate_coal_ore":1,"minecraft:deepslate_gold_ore":8,"minecraft:lapis_ore":5,"minecraft:potted_oak_sapling":1,"minecraft:oak_planks":1,"minecraft:sugar_cane":3,"minecraft:diorite":10,"minecraft:cauldron":1,"minecraft:skeleton_skull":1,"minecraft:birch_log":59,"minecraft:birch_leaves":1,"minecraft:grass":7,"minecraft:coal_ore":81,"minecraft:gravel":31,"minecraft:sand":28,"minecraft:dirt":30,"quark:yellow_corundum_cluster":1,"minecraft:cobweb":1,"minecraft:stone_bricks":15,"minecraft:oak_leaves":1,"minecraft:deepslate":29}},"DataVersion":3465}