{"stats":{"minecraft:killed":{"enemyexpansion:equestrian":1,"minecraft:skeleton":1,"enemyexpansion:ladybug":1,"alexsmobs:crimson_mosquito":1,"enemyexpansion:crawler":1,"minecraft:zombie":2},"minecraft:used":{"minecraft:flint_and_steel":1,"minecraft:shield":28,"minecraft:iron_sword":28,"minecraft:iron_chestplate":1,"minecraft:torch":5,"minecraft:carrot":4,"minecraft:golden_shovel":27,"minecraft:lantern":2,"minecraft:cobbled_deepslate":33,"minecraft:cooked_mutton":1,"minecraft:diamond_boots":1,"minecraft:fletching_table":2,"minecraft:diamond_axe":266,"minecraft:glow_berries":2,"minecraft:crafting_table":4,"simple_weapons:iron_scimitar":23,"alexsmobs:flying_fish":1,"minecraft:bread":27,"minecraft:iron_pickaxe":146,"minecraft:cobblestone":1,"alexsmobs:animal_dictionary":1},"minecraft:mined":{"quark:red_corundum":3,"minecraft:deepslate_diamond_ore":3,"minecraft:granite":1,"minecraft:spruce_fence":1,"minecraft:coal_block":16,"minecraft:kelp":3,"quark:orange_corundum_cluster":1,"quark:hollow_birch_log":1,"minecraft:hay_block":1,"quark:orange_corundum":10,"minecraft:carrots":1,"minecraft:cobbled_deepslate":1,"minecraft:deepslate_lapis_ore":1,"minecraft:fletching_table":1,"minecraft:cave_vines":1,"minecraft:deepslate_iron_ore":19,"minecraft:iron_block":1,"minecraft:stone":2,"samurai_dynasty:deepslate_onyx_ore":1,"quark:red_corundum_cluster":1,"minecraft:deepslate_redstone_ore":18,"minecraft:crafting_table":2,"minecraft:torch":2,"samurai_dynasty:jade_ore":2,"minecraft:cobblestone":1,"minecraft:deepslate_gold_ore":10,"minecraft:sugar_cane":4,"minecraft:birch_log":49,"samurai_dynasty:deepslate_silver_ore":8,"samurai_dynasty:deepslate_jade_ore":12,"minecraft:grass":5,"minecraft:oak_log":170,"minecraft:gravel":24,"minecraft:cobweb":1,"minecraft:gold_ore":2,"minecraft:oak_leaves":7,"minecraft:deepslate":33},"minecraft:picked_up":{"minecraft:iron_chestplate":1,"minecraft:crafting_table":2,"quark:orange_corundum":20,"minecraft:enchanted_book":1,"minecraft:shield":1,"minecraft:string":1,"minecraft:iron_leggings":1,"alexsmobs:blood_sac":1,"minecraft:gold_nugget":1,"minecraft:cobbled_deepslate":45,"samurai_dynasty:raw_silver":8,"samurai_dynasty:onyx":1,"minecraft:iron_nugget":4,"minecraft:iron_pickaxe":2,"minecraft:coal_block":16,"minecraft:sugar_cane":11,"minecraft:birch_sapling":18,"quark:orange_corundum_cluster":32,"minecraft:raw_iron":18,"minecraft:stick":121,"ecologics:coconut_slice":2,"simple_weapons:iron_scimitar":2,"minecraft:torch":17,"minecraft:spruce_fence":1,"minecraft:carrot":3,"minecraft:redstone":81,"minecraft:golden_chestplate":1,"minecraft:arrow":51,"minecraft:rotten_flesh":1,"minecraft:diamond_boots":1,"minecraft:hay_block":1,"minecraft:iron_block":1,"minecraft:gold_ingot":1,"sophisticatedbackpacks:copper_backpack":1,"minecraft:glow_berries":2,"minecraft:obsidian":1,"minecraft:cobblestone":3,"alexsmobs:flying_fish":1,"minecraft:birch_log":43,"minecraft:feather":2,"minecraft:cooked_beef":18,"minecraft:golden_leggings":1,"samurai_dynasty:jade":14,"minecraft:flint":4,"minecraft:oak_log":169,"minecraft:gunpowder":3,"alexsmobs:mosquito_proboscis":1,"minecraft:lapis_lazuli":9,"minecraft:lantern":2,"minecraft:cooked_mutton":11,"minecraft:bone":1,"minecraft:apple":4,"minecraft:kelp":3,"minecraft:bow":1,"minecraft:wheat_seeds":1,"minecraft:raw_gold":16,"minecraft:iron_ingot":40,"minecraft:stone_pickaxe":1,"minecraft:fletching_table":2,"minecraft:iron_sword":1,"quark:red_corundum_cluster":6,"minecraft:gravel":22,"sophisticatedbackpacks:iron_backpack":1,"quark:red_corundum":6,"minecraft:diamond":6,"minecraft:iron_helmet":2,"minecraft:crossbow":1,"minecraft:granite":1,"quark:hollow_birch_log":1,"minecraft:golden_apple":1,"minecraft:bread":44,"minecraft:emerald":8,"immersive_armors:divine_helmet":2,"minecraft:oak_sapling":76,"minecraft:diamond_pickaxe":1},"minecraft:crafted":{"minecraft:oak_door":3,"minecraft:oak_planks":676,"minecraft:flint_and_steel":1,"minecraft:bow":6,"minecraft:wheat":9,"minecraft:crossbow":2,"minecraft:arrow":160,"minecraft:emerald":38,"minecraft:diamond_axe":1,"minecraft:crafting_table":3,"minecraft:iron_sword":1,"minecraft:golden_shovel":1,"minecraft:birch_planks":172,"minecraft:bread":3,"minecraft:air":0,"minecraft:stick":1660,"minecraft:iron_shovel":1,"minecraft:iron_leggings":1},"minecraft:dropped":{"sophisticatedbackpacks:iron_backpack":1,"minecraft:iron_ingot":15,"minecraft:wheat_seeds":1,"minecraft:lapis_lazuli":9,"immersive_armors:divine_helmet":1,"minecraft:diamond":3,"ecologics:coconut_slice":1,"quark:orange_corundum_cluster":16,"minecraft:crossbow":1,"minecraft:iron_helmet":1,"minecraft:feather":2,"minecraft:cobblestone":2,"minecraft:granite":1,"minecraft:flint":1,"minecraft:emerald":14,"minecraft:iron_leggings":1,"minecraft:redstone":64,"minecraft:cobbled_deepslate":2,"quark:red_corundum_cluster":3,"minecraft:obsidian":1,"minecraft:flint_and_steel":1,"alexsmobs:blood_sac":1,"minecraft:gunpowder":1,"minecraft:iron_chestplate":1,"minecraft:diamond_pickaxe":1,"minecraft:arrow":160,"minecraft:bow":1,"minecraft:raw_gold":3,"minecraft:crying_obsidian":1,"quark:red_corundum":3,"quark:orange_corundum":10,"alexsmobs:mosquito_proboscis":1},"minecraft:custom":{"minecraft:interact_with_smithing_table":1,"minecraft:mob_kills":9,"minecraft:interact_with_crafting_table":6,"minecraft:damage_dealt_resisted":92,"minecraft:time_since_death":73106,"minecraft:climb_one_cm":803,"minecraft:sprint_one_cm":286687,"minecraft:walk_one_cm":75403,"minecraft:damage_blocked_by_shield":2040,"minecraft:drop":42,"minecraft:talked_to_villager":19,"minecraft:play_time":73106,"minecraft:sneak_time":1577,"minecraft:walk_under_water_one_cm":1688,"minecraft:jump":754,"minecraft:walk_on_water_one_cm":20520,"minecraft:total_world_time":73106,"minecraft:traded_with_villager":56,"minecraft:sleep_in_bed":2,"minecraft:time_since_rest":59298,"minecraft:damage_taken":1149,"minecraft:damage_dealt":2221,"minecraft:swim_one_cm":25274,"minecraft:fly_one_cm":183002,"minecraft:open_chest":6,"minecraft:crouch_one_cm":3688,"minecraft:fall_one_cm":14525,"minecraft:horse_one_cm":277}},"DataVersion":3465}