{"stats":{"minecraft:mined":{"minecraft:attached_melon_stem":1,"minecraft:granite":1,"minecraft:grass_block":2,"minecraft:jungle_log":18,"minecraft:cracked_polished_blackstone_bricks":22,"minecraft:coal_block":27,"minecraft:crimson_fungus":6,"minecraft:nether_wart":12,"quark:hollow_birch_log":1,"minecraft:polished_blackstone_bricks":23,"minecraft:cobbled_deepslate":1,"minecraft:fire":5,"minecraft:fletching_table":3,"minecraft:deepslate_lapis_ore":1,"minecraft:azure_bluet":1,"minecraft:pointed_dripstone":1,"minecraft:cave_vines":1,"minecraft:iron_bars":5,"minecraft:iron_block":1,"quark:red_corundum_cluster":1,"minecraft:deepslate_redstone_ore":18,"minecraft:polished_blackstone_wall":1,"minecraft:blackstone":3,"minecraft:crimson_nylium":5,"minecraft:torch":2,"minecraft:blast_furnace":1,"minecraft:nether_quartz_ore":105,"minecraft:cobblestone":1,"minecraft:sugar_cane":4,"minecraft:birch_log":197,"minecraft:wheat":81,"samurai_dynasty:deepslate_silver_ore":8,"samurai_dynasty:deepslate_jade_ore":12,"minecraft:tnt":6,"minecraft:grass":43,"minecraft:oak_log":912,"minecraft:sand":1,"minecraft:dirt":95,"minecraft:netherrack":107,"minecraft:oak_leaves":47,"minecraft:deepslate":33,"quark:red_corundum":3,"minecraft:nether_gold_ore":13,"minecraft:deepslate_diamond_ore":3,"gravestone:gravestone":1,"minecraft:spruce_fence":2,"minecraft:crimson_roots":11,"minecraft:kelp":3,"quark:orange_corundum_cluster":1,"minecraft:crimson_stem":6,"minecraft:hay_block":122,"minecraft:carrots":1,"quark:orange_corundum":10,"minecraft:gold_block":10,"minecraft:deepslate_iron_ore":19,"minecraft:vine":4,"minecraft:stone":2,"samurai_dynasty:deepslate_onyx_ore":1,"minecraft:scaffolding":16,"minecraft:soul_sand":3,"minecraft:basalt":1,"minecraft:dandelion":1,"minecraft:crafting_table":4,"samurai_dynasty:jade_ore":2,"minecraft:tall_grass":2,"minecraft:deepslate_gold_ore":10,"minecraft:birch_planks":1,"minecraft:gravel":134,"minecraft:cobweb":64,"minecraft:stone_bricks":1,"minecraft:gold_ore":2},"minecraft:dropped":{"sophisticatedbackpacks:iron_backpack":3,"minecraft:iron_sword":2,"minecraft:diamond_axe":1,"minecraft:lapis_lazuli":9,"immersive_armors:divine_helmet":1,"minecraft:diamond":3,"ecologics:coconut_slice":1,"minecraft:red_nether_brick_slab":1,"minecraft:crossbow":2,"immersive_armors:wither_leggings":1,"samurai_dynasty:spirit_upgrade_smithing_template":4,"samurai_dynasty:ruby":1,"minecraft:flint":1,"minecraft:emerald":138,"minecraft:gold_block":2,"minecraft:crimson_roots":2,"minecraft:snowball":1,"gravestone:obituary":3,"minecraft:writable_book":1,"minecraft:gold_ingot":34,"minecraft:ancient_debris":3,"minecraft:cobbled_deepslate":2,"minecraft:wheat":1,"minecraft:obsidian":9,"minecraft:pointed_dripstone":2,"minecraft:rotten_flesh":1,"minecraft:diamond_shovel":4,"minecraft:blaze_powder":1,"minecraft:azure_bluet":1,"minecraft:leather_chestplate":1,"alexsmobs:blood_sac":11,"minecraft:tipped_arrow":10,"minecraft:gunpowder":15,"minecraft:leather_boots":1,"minecraft:red_nether_bricks":3,"minecraft:arrow":167,"minecraft:beef":1,"minecraft:warped_wart_block":1,"minecraft:crying_obsidian":2,"quark:orange_corundum":10,"samurai_dynasty:akaname_tongue":2,"alexsmobs:mosquito_proboscis":3,"minecraft:enchanted_book":4,"minecraft:iron_ingot":32,"minecraft:bread":146,"minecraft:wheat_seeds":34,"immersive_armors:wither_chestplate":1,"quark:orange_corundum_cluster":16,"minecraft:feather":2,"minecraft:iron_helmet":1,"minecraft:cobblestone":2,"minecraft:apple":16,"minecraft:granite":1,"minecraft:golden_apple":9,"minecraft:coal_block":54,"minecraft:iron_block":1,"simple_weapons:stone_sickle":2,"minecraft:golden_carrot":9,"minecraft:torch":64,"minecraft:iron_leggings":1,"minecraft:string":67,"minecraft:smooth_basalt":8,"minecraft:redstone":64,"minecraft:stone_sword":1,"simple_weapons:diamond_scimitar":1,"quark:red_corundum_cluster":3,"minecraft:flint_and_steel":2,"minecraft:blast_furnace":1,"minecraft:iron_chestplate":1,"minecraft:diamond_pickaxe":2,"minecraft:golden_leggings":1,"minecraft:oak_sapling":3,"minecraft:bow":3,"handcrafted:hammer":1,"minecraft:raw_gold":3,"minecraft:magma_cream":9,"quark:red_corundum":3},"minecraft:used":{"minecraft:writable_book":3,"minecraft:iron_shovel":86,"minecraft:shield":54,"minecraft:iron_sword":142,"minecraft:iron_chestplate":2,"minecraft:soul_sand":3,"minecraft:carrot":4,"minecraft:snowball":1,"minecraft:obsidian":5,"minecraft:lantern":2,"minecraft:iron_helmet":1,"minecraft:crimson_roots":4,"minecraft:item_frame":5,"minecraft:bow":94,"minecraft:scaffolding":29,"minecraft:diamond_boots":2,"minecraft:oak_planks":1,"minecraft:blackstone":1,"minecraft:diamond_axe":1282,"minecraft:golden_apple":4,"minecraft:glow_berries":2,"minecraft:sand":1,"minecraft:crossbow":3,"simple_weapons:iron_scimitar":212,"minecraft:bread":77,"minecraft:gravel":121,"minecraft:bone_meal":5,"minecraft:experience_bottle":1,"minecraft:stone_sword":18,"minecraft:flint_and_steel":1,"minecraft:polished_blackstone_wall":1,"minecraft:netherrack":130,"minecraft:torch":5,"minecraft:dirt":105,"minecraft:chainmail_chestplate":1,"minecraft:diamond_helmet":1,"minecraft:golden_shovel":27,"minecraft:shroomlight":1,"minecraft:iron_axe":107,"minecraft:melon_seeds":4,"minecraft:basalt":26,"minecraft:golden_carrot":3,"minecraft:cooked_beef":6,"minecraft:cobbled_deepslate":33,"minecraft:iron_leggings":2,"minecraft:wheat_seeds":180,"minecraft:cooked_mutton":14,"minecraft:fletching_table":7,"minecraft:tnt":2,"minecraft:crafting_table":7,"minecraft:oak_log":1,"alexsmobs:flying_fish":1,"minecraft:diamond_shovel":105,"minecraft:cracked_polished_blackstone_bricks":15,"minecraft:iron_pickaxe":476,"minecraft:golden_leggings":1,"minecraft:cobblestone":1,"minecraft:cooked_porkchop":13,"minecraft:pumpkin_pie":2,"alexsmobs:animal_dictionary":1,"minecraft:dandelion":1},"minecraft:custom":{"minecraft:interact_with_crafting_table":22,"minecraft:open_barrel":75,"minecraft:leave_game":13,"minecraft:time_since_death":86239,"minecraft:sprint_one_cm":1320887,"minecraft:damage_blocked_by_shield":3225,"minecraft:drop":270,"minecraft:talked_to_villager":63,"minecraft:play_time":386419,"minecraft:deaths":13,"minecraft:jump":3524,"minecraft:walk_on_water_one_cm":23299,"minecraft:enchant_item":3,"minecraft:interact_with_furnace":7,"minecraft:traded_with_villager":236,"minecraft:sleep_in_bed":3,"minecraft:damage_dealt":12408,"minecraft:crouch_one_cm":29284,"minecraft:interact_with_smoker":2,"minecraft:horse_one_cm":12939,"minecraft:interact_with_smithing_table":1,"minecraft:mob_kills":113,"minecraft:interact_with_anvil":2,"minecraft:damage_dealt_resisted":164,"minecraft:climb_one_cm":17129,"minecraft:walk_one_cm":380037,"minecraft:sneak_time":13451,"minecraft:walk_under_water_one_cm":2451,"minecraft:interact_with_blast_furnace":8,"minecraft:total_world_time":386419,"minecraft:time_since_rest":71645,"minecraft:damage_taken":9051,"minecraft:damage_absorbed":147,"minecraft:swim_one_cm":35644,"minecraft:fly_one_cm":959980,"minecraft:open_chest":97,"minecraft:fall_one_cm":95350},"minecraft:picked_up":{"minecraft:iron_chestplate":2,"minecraft:wheat":103,"quark:orange_corundum":20,"minecraft:potion":2,"minecraft:enchanted_book":5,"minecraft:polished_blackstone_brick_stairs":1,"minecraft:string":258,"minecraft:red_nether_bricks":3,"minecraft:iron_leggings":2,"minecraft:experience_bottle":1,"minecraft:shroomlight":1,"alexsmobs:blood_sac":35,"minecraft:diamond_leggings":2,"minecraft:red_sand":1,"minecraft:gold_nugget":514,"minecraft:cobbled_deepslate":45,"minecraft:bucket":1,"samurai_dynasty:raw_silver":8,"samurai_dynasty:onyx":1,"minecraft:iron_pickaxe":3,"minecraft:coal_block":54,"minecraft:stick":385,"simple_weapons:iron_scimitar":3,"minecraft:torch":81,"minecraft:porkchop":15,"minecraft:pointed_dripstone":2,"minecraft:golden_chestplate":1,"minecraft:rotten_flesh":3,"minecraft:iron_block":2,"minecraft:cyan_terracotta":3,"minecraft:obsidian":4,"minecraft:blaze_powder":1,"minecraft:iron_bars":5,"minecraft:snowball":3,"alexsmobs:flying_fish":1,"minecraft:cobblestone":3,"minecraft:birch_log":185,"minecraft:leather_chestplate":1,"minecraft:feather":2,"minecraft:cooked_beef":25,"minecraft:jungle_log":18,"minecraft:golden_leggings":1,"minecraft:flint":16,"minecraft:lapis_lazuli":9,"minecraft:dirt":119,"minecraft:lantern":3,"minecraft:leather_boots":1,"minecraft:bone":2,"minecraft:bow":4,"minecraft:wheat_seeds":220,"minecraft:raw_gold":16,"minecraft:diamond_helmet":2,"minecraft:fletching_table":5,"minecraft:cooked_porkchop":7,"minecraft:warped_wart_block":1,"minecraft:sand":1,"handcrafted:hammer":1,"sophisticatedbackpacks:iron_backpack":3,"minecraft:spectral_arrow":12,"quark:red_corundum":6,"minecraft:diamond":6,"simple_weapons:diamond_scimitar":1,"minecraft:cracked_polished_blackstone_bricks":21,"minecraft:crossbow":1,"minecraft:granite":1,"minecraft:bone_meal":5,"minecraft:golden_apple":10,"minecraft:emerald":25,"minecraft:bread":100,"immersive_armors:divine_helmet":2,"minecraft:oak_sapling":440,"minecraft:netherrack":197,"minecraft:diamond_pickaxe":3,"minecraft:crimson_roots":12,"minecraft:crafting_table":4,"minecraft:azure_bluet":1,"minecraft:nether_wart":25,"minecraft:gold_block":14,"gravestone:obituary":2,"minecraft:shield":1,"simple_weapons:stone_sickle":3,"minecraft:moss_carpet":2,"minecraft:iron_axe":1,"minecraft:flint_and_steel":1,"minecraft:item_frame":4,"minecraft:polished_blackstone_wall":1,"minecraft:blackstone":34,"minecraft:beef":3,"minecraft:jungle_sapling":1,"minecraft:iron_nugget":4,"minecraft:sugar_cane":11,"minecraft:birch_sapling":72,"quark:orange_corundum_cluster":32,"minecraft:raw_iron":21,"minecraft:oak_door":1,"ecologics:coconut_slice":2,"minecraft:spruce_fence":2,"minecraft:fire_charge":2,"minecraft:polished_blackstone_bricks":24,"immersive_armors:wither_leggings":1,"minecraft:carrot":3,"minecraft:redstone":86,"samurai_dynasty:akaname_tongue":2,"minecraft:tnt":6,"minecraft:diamond_chestplate":2,"minecraft:arrow":77,"minecraft:pumpkin_pie":2,"minecraft:diamond_boots":4,"minecraft:hay_block":155,"minecraft:gold_ingot":45,"sophisticatedbackpacks:copper_backpack":1,"minecraft:glow_berries":2,"minecraft:basalt":36,"minecraft:golden_carrot":7,"samurai_dynasty:ruby":2,"minecraft:leather":24,"samurai_dynasty:jade":14,"minecraft:birch_planks":7,"minecraft:crimson_fungus":6,"minecraft:oak_log":880,"minecraft:golden_boots":1,"minecraft:gunpowder":18,"alexsmobs:mosquito_proboscis":5,"minecraft:cooked_mutton":12,"minecraft:apple":37,"minecraft:stone_bricks":1,"minecraft:kelp":3,"minecraft:iron_ingot":41,"minecraft:stone_pickaxe":1,"minecraft:soul_sand":5,"minecraft:iron_sword":6,"minecraft:scaffolding":29,"minecraft:smooth_basalt":8,"quark:red_corundum_cluster":6,"minecraft:quartz":101,"minecraft:dandelion":1,"minecraft:gravel":207,"immersive_armors:wither_chestplate":1,"minecraft:blast_furnace":2,"minecraft:crying_obsidian":1,"samurai_dynasty:oni_horn":1,"minecraft:diamond_shovel":4,"minecraft:slime_ball":2,"minecraft:chainmail_leggings":1,"minecraft:iron_helmet":4,"minecraft:diamond_axe":2,"quark:hollow_birch_log":1,"minecraft:warped_roots":2,"minecraft:red_nether_brick_slab":4,"minecraft:damaged_anvil":1,"minecraft:melon_seeds":4,"minecraft:coal":7},"minecraft:crafted":{"minecraft:oak_planks":2480,"minecraft:cooked_mutton":2,"minecraft:bow":6,"minecraft:tipped_arrow":10,"minecraft:chest":1,"sophisticatedbackpacks:backpack":1,"minecraft:arrow":176,"minecraft:emerald":209,"minecraft:diamond_axe":1,"minecraft:crafting_table":5,"minecraft:fletching_table":6,"minecraft:gold_block":11,"minecraft:birch_planks":740,"minecraft:shield":2,"minecraft:stick":6444,"minecraft:iron_ingot":29,"minecraft:gold_ingot":133,"simple_weapons:iron_scimitar":2,"minecraft:oak_door":3,"minecraft:flint_and_steel":1,"minecraft:wheat":1395,"minecraft:crossbow":8,"minecraft:iron_sword":1,"minecraft:golden_shovel":1,"minecraft:bread":498,"minecraft:air":0,"minecraft:jungle_planks":72,"minecraft:golden_apple":9,"minecraft:iron_shovel":1,"minecraft:iron_leggings":1},"minecraft:killed_by":{"minecraft:piglin_brute":2,"alexsmobs:straddler":1,"minecraft:piglin":2,"minecraft:blaze":1,"enemyexpansion:invisicreeper":1,"alexsmobs:crimson_mosquito":4},"minecraft:broken":{"minecraft:golden_boots":1,"minecraft:iron_axe":1},"minecraft:killed":{"enemyexpansion:equestrian":1,"minecraft:skeleton":1,"alexsmobs:straddler":1,"minecraft:piglin_brute":5,"minecraft:magma_cube":5,"minecraft:piglin":8,"enemyexpansion:ladybug":1,"samurai_dynasty:akaname":1,"alexsmobs:stradpole":5,"alexsmobs:crimson_mosquito":46,"alexsmobs:warped_toad":1,"minecraft:zombie":2,"minecraft:cow":1,"minecraft:blaze":5,"minecraft:vex":1,"minecraft:slime":1,"minecraft:phantom":1,"quark:foxhound":3,"minecraft:hoglin":5,"enemyexpansion:crawler":1,"mythicmounts:netherbat":3}},"DataVersion":3465}