{"stats":{"minecraft:picked_up":{"minecraft:birch_log":4},"minecraft:used":{"alexsmobs:animal_dictionary":1},"minecraft:mined":{"minecraft:birch_log":4},"minecraft:custom":{"minecraft:jump":16,"minecraft:time_since_rest":2449,"minecraft:damage_taken":30,"minecraft:sprint_one_cm":6621,"minecraft:play_time":2449,"minecraft:time_since_death":2449,"minecraft:walk_one_cm":1023,"minecraft:sneak_time":12,"minecraft:total_world_time":2449,"minecraft:fall_one_cm":1504,"minecraft:fly_one_cm":4062}},"DataVersion":3465}