{
  "betterdeserttemples:root": {
    "criteria": {
      "always": "2024-08-24 14:58:30 +0000"
    },
    "done": true
  },
  "mythicmounts:summoning_staff": {
    "criteria": {
      "has_the_recipe": "2024-08-24 14:58:30 +0000"
    },
    "done": true
  },
  "incendium:technical/new_player": {
    "criteria": {
      "requirement": "2024-08-24 14:58:30 +0000"
    },
    "done": true
  },
  "incendium:technical/using/shield": {
    "criteria": {
      "log_spam_fixer": "2024-08-24 14:58:31 +0000"
    },
    "done": false
  },
  "incendium:technical/using/trailblazer": {
    "criteria": {
      "log_spam_fixer": "2024-08-24 14:58:31 +0000"
    },
    "done": false
  },
  "incendium:technical/scroll_of_returning": {
    "criteria": {
      "log_spam_fixer": "2024-08-24 14:58:31 +0000"
    },
    "done": false
  },
  "minecraft:adventure/adventuring_time": {
    "criteria": {
      "minecraft:cherry_grove": "2024-08-24 16:04:07 +0000",
      "minecraft:sunflower_plains": "2024-08-24 18:13:09 +0000",
      "minecraft:birch_forest": "2024-08-24 15:03:52 +0000",
      "minecraft:bamboo_jungle": "2024-08-25 02:16:07 +0000",
      "minecraft:beach": "2024-08-24 15:04:28 +0000",
      "minecraft:dark_forest": "2024-08-24 14:58:31 +0000",
      "minecraft:sparse_jungle": "2024-08-25 01:59:18 +0000",
      "minecraft:lukewarm_ocean": "2024-08-24 16:32:56 +0000",
      "minecraft:river": "2024-08-24 15:03:48 +0000",
      "minecraft:dripstone_caves": "2024-08-24 15:57:01 +0000",
      "minecraft:forest": "2024-08-24 16:00:45 +0000",
      "minecraft:lush_caves": "2024-08-24 20:54:27 +0000",
      "minecraft:jungle": "2024-08-24 16:33:27 +0000",
      "minecraft:ocean": "2024-08-24 16:32:09 +0000",
      "minecraft:flower_forest": "2024-08-24 18:19:22 +0000",
      "minecraft:old_growth_birch_forest": "2024-08-24 15:03:20 +0000",
      "minecraft:savanna": "2024-08-24 21:31:23 +0000",
      "minecraft:plains": "2024-08-24 16:02:23 +0000"
    },
    "done": false
  },
  "incendium:technical/using/ragnarok": {
    "criteria": {
      "log_spam_fixer": "2024-08-24 14:58:31 +0000"
    },
    "done": false
  },
  "immersive_armors:recipes/misc/wooden": {
    "criteria": {
      "has_item": "2024-08-24 14:59:51 +0000"
    },
    "done": true
  },
  "minecraft:story/root": {
    "criteria": {
      "crafting_table": "2024-08-24 15:00:36 +0000"
    },
    "done": true
  },
  "minecraft:husbandry/root": {
    "criteria": {
      "consumed_item": "2024-08-24 15:00:52 +0000"
    },
    "done": true
  },
  "alexsmobs:alexsmobs/root": {
    "criteria": {
      "useitem": "2024-08-24 15:00:52 +0000"
    },
    "done": true
  },
  "minecraft:story/mine_stone": {
    "criteria": {
      "get_stone": "2024-08-24 15:01:06 +0000"
    },
    "done": true
  },
  "minecraft:story/upgrade_tools": {
    "criteria": {
      "stone_pickaxe": "2024-08-24 15:02:14 +0000"
    },
    "done": true
  },
  "minecraft:adventure/root": {
    "criteria": {
      "killed_something": "2024-08-24 15:04:16 +0000"
    },
    "done": true
  },
  "immersive_armors:recipes/misc/robe": {
    "criteria": {
      "has_item": "2024-08-24 15:05:11 +0000"
    },
    "done": true
  },
  "minecraft:story/smelt_iron": {
    "criteria": {
      "iron": "2024-08-24 15:10:34 +0000"
    },
    "done": true
  },
  "quark:get_all_corundum": {
    "criteria": {
      "orange": "2024-08-24 15:15:37 +0000",
      "red": "2024-08-24 20:43:35 +0000",
      "yellow": "2024-08-24 16:16:53 +0000"
    },
    "done": false
  },
  "minecraft:husbandry/balanced_diet": {
    "criteria": {
      "cooked_porkchop": "2024-08-24 16:22:48 +0000",
      "cooked_mutton": "2024-08-25 01:10:57 +0000",
      "cooked_beef": "2024-08-24 15:17:09 +0000",
      "bread": "2024-08-24 17:03:37 +0000",
      "golden_apple": "2024-08-24 22:05:08 +0000",
      "golden_carrot": "2024-08-25 01:59:59 +0000",
      "cooked_salmon": "2024-08-25 02:29:15 +0000"
    },
    "done": false
  },
  "minecraft:adventure/kill_all_mobs": {
    "criteria": {
      "minecraft:blaze": "2024-08-24 23:57:53 +0000",
      "minecraft:skeleton": "2024-08-24 15:18:10 +0000",
      "minecraft:hoglin": "2024-08-24 22:56:34 +0000",
      "minecraft:magma_cube": "2024-08-24 23:45:21 +0000",
      "minecraft:spider": "2024-08-24 15:56:00 +0000",
      "minecraft:piglin_brute": "2024-08-24 22:36:43 +0000",
      "minecraft:creeper": "2024-08-24 15:34:25 +0000",
      "minecraft:phantom": "2024-08-24 17:50:59 +0000",
      "minecraft:zombified_piglin": "2024-08-24 20:45:48 +0000",
      "minecraft:witch": "2024-08-24 19:03:12 +0000",
      "minecraft:cave_spider": "2024-08-24 19:04:10 +0000",
      "minecraft:piglin": "2024-08-24 20:45:45 +0000",
      "minecraft:vex": "2024-08-24 23:35:56 +0000",
      "minecraft:zombie": "2024-08-24 16:17:37 +0000",
      "quark:foxhound": "2024-08-24 22:12:38 +0000"
    },
    "done": false
  },
  "minecraft:adventure/kill_a_mob": {
    "criteria": {
      "minecraft:skeleton": "2024-08-24 15:18:10 +0000"
    },
    "done": true
  },
  "minecraft:story/iron_tools": {
    "criteria": {
      "iron_pickaxe": "2024-08-24 15:22:09 +0000"
    },
    "done": true
  },
  "minecraft:story/obtain_armor": {
    "criteria": {
      "iron_chestplate": "2024-08-24 15:22:20 +0000"
    },
    "done": true
  },
  "immersive_armors:recipes/misc/bone": {
    "criteria": {
      "has_item": "2024-08-24 15:57:21 +0000"
    },
    "done": true
  },
  "minecraft:husbandry/breed_an_animal": {
    "criteria": {
      "bred": "2024-08-24 15:59:21 +0000"
    },
    "done": true
  },
  "minecraft:adventure/sleep_in_bed": {
    "criteria": {
      "slept_in_bed": "2024-08-24 16:11:50 +0000"
    },
    "done": true
  },
  "alexsmobs:alexsmobs/rocky_shell": {
    "criteria": {
      "soul_heart": "2024-08-24 16:25:40 +0000"
    },
    "done": true
  },
  "minecraft:adventure/trade": {
    "criteria": {
      "traded": "2024-08-24 16:38:49 +0000"
    },
    "done": true
  },
  "immersive_armors:recipes/misc/warrior": {
    "criteria": {
      "has_item": "2024-08-24 16:57:22 +0000"
    },
    "done": true
  },
  "minecraft:story/mine_diamond": {
    "criteria": {
      "diamond": "2024-08-24 16:57:53 +0000"
    },
    "done": true
  },
  "minecraft:story/form_obsidian": {
    "criteria": {
      "obsidian": "2024-08-24 16:57:59 +0000"
    },
    "done": true
  },
  "minecraft:story/deflect_arrow": {
    "criteria": {
      "deflected_projectile": "2024-08-24 17:05:26 +0000"
    },
    "done": true
  },
  "immersive_armors:recipes/misc/slime": {
    "criteria": {
      "has_item": "2024-08-24 17:09:44 +0000"
    },
    "done": true
  },
  "alexsmobs:alexsmobs/seagull_steal": {
    "criteria": {
      "ex": "2024-08-24 17:15:59 +0000"
    },
    "done": true
  },
  "minecraft:story/shiny_gear": {
    "criteria": {
      "diamond_boots": "2024-08-24 17:17:48 +0000"
    },
    "done": true
  },
  "immersive_armors:recipes/misc/heavy": {
    "criteria": {
      "has_item": "2024-08-24 17:33:42 +0000"
    },
    "done": true
  },
  "minecraft:story/lava_bucket": {
    "criteria": {
      "lava_bucket": "2024-08-24 18:58:05 +0000"
    },
    "done": true
  },
  "minecraft:adventure/shoot_arrow": {
    "criteria": {
      "shot_arrow": "2024-08-24 19:05:19 +0000"
    },
    "done": true
  },
  "minecraft:husbandry/tame_an_animal": {
    "criteria": {
      "tamed_animal": "2024-08-24 19:37:55 +0000"
    },
    "done": true
  },
  "minecraft:story/enchant_item": {
    "criteria": {
      "enchanted_item": "2024-08-24 20:41:09 +0000"
    },
    "done": true
  },
  "minecraft:nether/root": {
    "criteria": {
      "entered_nether": "2024-08-24 20:45:19 +0000"
    },
    "done": true
  },
  "minecraft:story/enter_the_nether": {
    "criteria": {
      "entered_nether": "2024-08-24 20:45:19 +0000"
    },
    "done": true
  },
  "minecraft:nether/explore_nether": {
    "criteria": {
      "minecraft:crimson_forest": "2024-08-24 20:45:19 +0000",
      "minecraft:nether_wastes": "2024-08-24 22:10:31 +0000",
      "minecraft:basalt_deltas": "2024-08-24 23:41:33 +0000",
      "minecraft:warped_forest": "2024-08-24 23:40:15 +0000"
    },
    "done": false
  },
  "incendium:root": {
    "criteria": {
      "requirement": "2024-08-24 20:45:19 +0000"
    },
    "done": true
  },
  "alexsmobs:alexsmobs/crimson_mosquito": {
    "criteria": {
      "killed_by": "2024-08-24 20:45:28 +0000"
    },
    "done": true
  },
  "minecraft:nether/obtain_crying_obsidian": {
    "criteria": {
      "crying_obsidian": "2024-08-24 20:46:35 +0000"
    },
    "done": true
  },
  "minecraft:nether/find_bastion": {
    "criteria": {
      "bastion": "2024-08-24 22:35:26 +0000"
    },
    "done": true
  },
  "minecraft:nether/loot_bastion": {
    "criteria": {
      "loot_bastion_other": "2024-08-24 22:38:52 +0000"
    },
    "done": true
  },
  "incendium:misc/soul_searcher": {
    "criteria": {
      "incendium:ash_barrens": "2024-08-24 23:43:05 +0000",
      "incendium:infernal_dunes": "2024-08-24 22:57:10 +0000",
      "incendium:inverted_forest": "2024-08-24 22:41:35 +0000",
      "incendium:volcanic_deltas": "2024-08-25 01:12:56 +0000",
      "incendium:toxic_heap": "2024-08-24 23:26:34 +0000",
      "incendium:withered_forest": "2024-08-24 23:32:02 +0000"
    },
    "done": false
  },
  "incendium:misc/root": {
    "criteria": {
      "incendium:inverted_forest": "2024-08-24 22:41:35 +0000"
    },
    "done": true
  },
  "incendium:misc/loot_piglin_village": {
    "criteria": {
      "incendium:low": "2024-08-24 22:50:10 +0000"
    },
    "done": true
  },
  "incendium:infernal_dunes/root": {
    "criteria": {
      "incendium:infernal_dunes": "2024-08-24 22:57:10 +0000"
    },
    "done": true
  },
  "immersive_armors:recipes/misc/wither": {
    "criteria": {
      "has_item": "2024-08-24 23:21:13 +0000"
    },
    "done": true
  },
  "incendium:toxic_heap/root": {
    "criteria": {
      "requirement": "2024-08-24 23:26:34 +0000"
    },
    "done": true
  },
  "incendium:toxic_heap/slime_poison": {
    "criteria": {
      "poison": "2024-08-24 23:27:19 +0000"
    },
    "done": true
  },
  "incendium:withered_forest/root": {
    "criteria": {
      "requirement": "2024-08-24 23:32:02 +0000"
    },
    "done": true
  },
  "alexsmobs:alexsmobs/straddler": {
    "criteria": {
      "killed_by": "2024-08-24 23:32:45 +0000"
    },
    "done": true
  },
  "incendium:withered_forest/kill_spirit": {
    "criteria": {
      "requirement": "2024-08-24 23:35:56 +0000"
    },
    "done": true
  },
  "incendium:ash_barrens/root": {
    "criteria": {
      "requirement": "2024-08-24 23:43:05 +0000"
    },
    "done": true
  },
  "incendium:infernal_dunes/pipeline/unlimited_power": {
    "criteria": {
      "requirement": "2024-08-24 23:46:40 +0000"
    },
    "done": true
  },
  "incendium:infernal_dunes/pipeline/root": {
    "criteria": {
      "requirement": "2024-08-24 23:46:41 +0000"
    },
    "done": true
  },
  "incendium:infernal_dunes/pipeline/kill_sentry": {
    "criteria": {
      "requirement": "2024-08-24 23:57:53 +0000"
    },
    "done": true
  },
  "incendium:infernal_dunes/pipeline/pipeline_treasure": {
    "criteria": {
      "requirement": "2024-08-25 00:13:58 +0000"
    },
    "done": true
  },
  "minecraft:nether/obtain_ancient_debris": {
    "criteria": {
      "ancient_debris": "2024-08-25 00:16:24 +0000"
    },
    "done": true
  },
  "enemyexpansion:troll_hunter": {
    "criteria": {
      "troll_hunter_0": "2024-08-25 00:59:53 +0000"
    },
    "done": true
  },
  "incendium:volcanic_deltas/root": {
    "criteria": {
      "incendium:volcanic_deltas": "2024-08-25 01:12:56 +0000"
    },
    "done": true
  },
  "minecraft:adventure/ol_betsy": {
    "criteria": {
      "shot_crossbow": "2024-08-25 01:27:00 +0000"
    },
    "done": true
  },
  "DataVersion": 3465
}