{
  "betterdeserttemples:root": {
    "criteria": {
      "always": "2024-08-24 20:22:37 +0000"
    },
    "done": true
  },
  "mythicmounts:summoning_staff": {
    "criteria": {
      "has_the_recipe": "2024-08-24 20:22:37 +0000"
    },
    "done": true
  },
  "incendium:technical/new_player": {
    "criteria": {
      "requirement": "2024-08-24 20:22:37 +0000"
    },
    "done": true
  },
  "incendium:technical/using/shield": {
    "criteria": {
      "log_spam_fixer": "2024-08-24 20:22:38 +0000"
    },
    "done": false
  },
  "incendium:technical/using/trailblazer": {
    "criteria": {
      "log_spam_fixer": "2024-08-24 20:22:38 +0000"
    },
    "done": false
  },
  "incendium:technical/scroll_of_returning": {
    "criteria": {
      "log_spam_fixer": "2024-08-24 20:22:38 +0000"
    },
    "done": false
  },
  "minecraft:adventure/adventuring_time": {
    "criteria": {
      "minecraft:birch_forest": "2024-08-24 20:29:51 +0000",
      "minecraft:bamboo_jungle": "2024-08-25 03:23:16 +0000",
      "minecraft:beach": "2024-08-24 20:30:28 +0000",
      "minecraft:dark_forest": "2024-08-24 20:22:38 +0000",
      "minecraft:sparse_jungle": "2024-08-25 01:58:52 +0000",
      "minecraft:river": "2024-08-24 20:29:47 +0000",
      "minecraft:dripstone_caves": "2024-08-25 02:27:56 +0000",
      "minecraft:forest": "2024-08-24 21:07:10 +0000",
      "minecraft:lush_caves": "2024-08-24 20:54:26 +0000",
      "minecraft:ocean": "2024-08-24 20:30:52 +0000",
      "minecraft:jungle": "2024-08-25 03:19:41 +0000",
      "minecraft:flower_forest": "2024-08-24 21:19:08 +0000",
      "minecraft:old_growth_birch_forest": "2024-08-24 20:24:15 +0000",
      "minecraft:savanna": "2024-08-25 02:15:03 +0000",
      "minecraft:plains": "2024-08-24 20:33:05 +0000"
    },
    "done": false
  },
  "incendium:technical/using/ragnarok": {
    "criteria": {
      "log_spam_fixer": "2024-08-24 20:22:38 +0000"
    },
    "done": false
  },
  "minecraft:husbandry/root": {
    "criteria": {
      "consumed_item": "2024-08-24 20:23:38 +0000"
    },
    "done": true
  },
  "alexsmobs:alexsmobs/root": {
    "criteria": {
      "useitem": "2024-08-24 20:23:38 +0000"
    },
    "done": true
  },
  "immersive_armors:recipes/misc/wooden": {
    "criteria": {
      "has_item": "2024-08-24 20:24:29 +0000"
    },
    "done": true
  },
  "minecraft:story/iron_tools": {
    "criteria": {
      "iron_pickaxe": "2024-08-24 20:32:30 +0000"
    },
    "done": true
  },
  "minecraft:story/root": {
    "criteria": {
      "crafting_table": "2024-08-24 20:32:34 +0000"
    },
    "done": true
  },
  "minecraft:husbandry/balanced_diet": {
    "criteria": {
      "cooked_porkchop": "2024-08-24 23:16:38 +0000",
      "cooked_mutton": "2024-08-24 21:27:34 +0000",
      "cooked_beef": "2024-08-24 23:00:01 +0000",
      "pumpkin_pie": "2024-08-25 01:57:47 +0000",
      "bread": "2024-08-24 20:34:37 +0000",
      "golden_apple": "2024-08-24 22:12:42 +0000",
      "golden_carrot": "2024-08-25 02:02:19 +0000",
      "carrot": "2024-08-24 20:32:53 +0000"
    },
    "done": false
  },
  "alexsmobs:alexsmobs/seagull_steal": {
    "criteria": {
      "ex": "2024-08-24 20:33:31 +0000"
    },
    "done": true
  },
  "minecraft:story/smelt_iron": {
    "criteria": {
      "iron": "2024-08-24 20:35:01 +0000"
    },
    "done": true
  },
  "minecraft:story/shiny_gear": {
    "criteria": {
      "diamond_boots": "2024-08-24 20:35:11 +0000"
    },
    "done": true
  },
  "minecraft:story/obtain_armor": {
    "criteria": {
      "iron_helmet": "2024-08-24 20:35:17 +0000"
    },
    "done": true
  },
  "minecraft:story/upgrade_tools": {
    "criteria": {
      "stone_pickaxe": "2024-08-24 20:36:42 +0000"
    },
    "done": true
  },
  "minecraft:adventure/sleep_in_bed": {
    "criteria": {
      "slept_in_bed": "2024-08-24 20:37:06 +0000"
    },
    "done": true
  },
  "quark:get_all_corundum": {
    "criteria": {
      "red": "2024-08-24 20:41:30 +0000",
      "orange": "2024-08-24 20:38:21 +0000"
    },
    "done": false
  },
  "minecraft:story/mine_stone": {
    "criteria": {
      "get_stone": "2024-08-24 20:40:00 +0000"
    },
    "done": true
  },
  "minecraft:story/mine_diamond": {
    "criteria": {
      "diamond": "2024-08-24 20:43:46 +0000"
    },
    "done": true
  },
  "minecraft:story/lava_bucket": {
    "criteria": {
      "lava_bucket": "2024-08-24 20:43:49 +0000"
    },
    "done": true
  },
  "minecraft:story/form_obsidian": {
    "criteria": {
      "obsidian": "2024-08-24 20:44:06 +0000"
    },
    "done": true
  },
  "minecraft:nether/root": {
    "criteria": {
      "entered_nether": "2024-08-24 20:45:11 +0000"
    },
    "done": true
  },
  "minecraft:story/enter_the_nether": {
    "criteria": {
      "entered_nether": "2024-08-24 20:45:11 +0000"
    },
    "done": true
  },
  "incendium:root": {
    "criteria": {
      "requirement": "2024-08-24 20:45:11 +0000"
    },
    "done": true
  },
  "minecraft:nether/explore_nether": {
    "criteria": {
      "minecraft:crimson_forest": "2024-08-24 20:45:17 +0000",
      "minecraft:nether_wastes": "2024-08-24 22:10:30 +0000",
      "minecraft:basalt_deltas": "2024-08-24 23:41:31 +0000",
      "minecraft:warped_forest": "2024-08-24 23:40:32 +0000"
    },
    "done": false
  },
  "minecraft:adventure/root": {
    "criteria": {
      "killed_something": "2024-08-24 20:45:34 +0000"
    },
    "done": true
  },
  "alexsmobs:alexsmobs/crimson_mosquito": {
    "criteria": {
      "killed_by": "2024-08-24 20:45:34 +0000"
    },
    "done": true
  },
  "minecraft:story/deflect_arrow": {
    "criteria": {
      "deflected_projectile": "2024-08-24 20:45:39 +0000"
    },
    "done": true
  },
  "minecraft:nether/obtain_crying_obsidian": {
    "criteria": {
      "crying_obsidian": "2024-08-24 20:46:30 +0000"
    },
    "done": true
  },
  "minecraft:adventure/kill_all_mobs": {
    "criteria": {
      "minecraft:blaze": "2024-08-24 22:56:44 +0000",
      "minecraft:skeleton": "2024-08-24 21:12:49 +0000",
      "minecraft:hoglin": "2024-08-24 22:40:48 +0000",
      "minecraft:magma_cube": "2024-08-25 01:01:00 +0000",
      "minecraft:piglin_brute": "2024-08-24 22:38:44 +0000",
      "minecraft:slime": "2024-08-24 23:27:42 +0000",
      "minecraft:phantom": "2024-08-24 23:36:58 +0000",
      "minecraft:piglin": "2024-08-24 22:38:41 +0000",
      "minecraft:vex": "2024-08-24 23:35:21 +0000",
      "minecraft:zombie": "2024-08-24 20:50:40 +0000",
      "quark:foxhound": "2024-08-24 23:42:30 +0000"
    },
    "done": false
  },
  "minecraft:adventure/kill_a_mob": {
    "criteria": {
      "minecraft:zombie": "2024-08-24 20:50:40 +0000"
    },
    "done": true
  },
  "immersive_armors:recipes/misc/bone": {
    "criteria": {
      "has_item": "2024-08-24 21:13:20 +0000"
    },
    "done": true
  },
  "minecraft:adventure/trade": {
    "criteria": {
      "traded": "2024-08-24 21:14:05 +0000"
    },
    "done": true
  },
  "immersive_armors:recipes/misc/heavy": {
    "criteria": {
      "has_item": "2024-08-24 21:26:38 +0000"
    },
    "done": true
  },
  "minecraft:story/enchant_item": {
    "criteria": {
      "enchanted_item": "2024-08-24 21:58:42 +0000"
    },
    "done": true
  },
  "incendium:misc/soul_searcher": {
    "criteria": {
      "incendium:ash_barrens": "2024-08-24 23:43:04 +0000",
      "incendium:infernal_dunes": "2024-08-24 22:55:00 +0000",
      "incendium:inverted_forest": "2024-08-24 22:35:19 +0000",
      "incendium:volcanic_deltas": "2024-08-25 01:13:08 +0000",
      "incendium:toxic_heap": "2024-08-24 23:26:56 +0000",
      "incendium:withered_forest": "2024-08-24 23:32:22 +0000"
    },
    "done": false
  },
  "incendium:misc/root": {
    "criteria": {
      "incendium:inverted_forest": "2024-08-24 22:35:19 +0000"
    },
    "done": true
  },
  "minecraft:nether/find_bastion": {
    "criteria": {
      "bastion": "2024-08-24 22:35:36 +0000"
    },
    "done": true
  },
  "minecraft:nether/loot_bastion": {
    "criteria": {
      "loot_bastion_other": "2024-08-24 22:38:56 +0000"
    },
    "done": true
  },
  "minecraft:adventure/shoot_arrow": {
    "criteria": {
      "shot_arrow": "2024-08-24 22:40:10 +0000"
    },
    "done": true
  },
  "incendium:misc/loot_piglin_village": {
    "criteria": {
      "incendium:low": "2024-08-24 22:49:58 +0000"
    },
    "done": true
  },
  "incendium:infernal_dunes/root": {
    "criteria": {
      "incendium:infernal_dunes": "2024-08-24 22:55:00 +0000"
    },
    "done": true
  },
  "incendium:infernal_dunes/border_of_life": {
    "criteria": {
      "requirement": "2024-08-24 22:56:44 +0000"
    },
    "done": true
  },
  "incendium:infernal_dunes/dune_blaze": {
    "criteria": {
      "requirement": "2024-08-24 23:06:54 +0000"
    },
    "done": true
  },
  "incendium:toxic_heap/root": {
    "criteria": {
      "requirement": "2024-08-24 23:26:56 +0000"
    },
    "done": true
  },
  "incendium:toxic_heap/slime_poison": {
    "criteria": {
      "poison": "2024-08-24 23:27:15 +0000"
    },
    "done": true
  },
  "immersive_armors:recipes/misc/slime": {
    "criteria": {
      "has_item": "2024-08-24 23:27:45 +0000"
    },
    "done": true
  },
  "incendium:withered_forest/root": {
    "criteria": {
      "requirement": "2024-08-24 23:32:22 +0000"
    },
    "done": true
  },
  "alexsmobs:alexsmobs/straddler": {
    "criteria": {
      "killed_by": "2024-08-24 23:34:51 +0000"
    },
    "done": true
  },
  "incendium:withered_forest/kill_spirit": {
    "criteria": {
      "requirement": "2024-08-24 23:35:21 +0000"
    },
    "done": true
  },
  "incendium:ash_barrens/root": {
    "criteria": {
      "requirement": "2024-08-24 23:43:04 +0000"
    },
    "done": true
  },
  "incendium:infernal_dunes/pipeline/root": {
    "criteria": {
      "requirement": "2024-08-24 23:43:49 +0000"
    },
    "done": true
  },
  "immersive_armors:recipes/misc/warrior": {
    "criteria": {
      "has_item": "2024-08-25 00:57:58 +0000"
    },
    "done": true
  },
  "incendium:volcanic_deltas/root": {
    "criteria": {
      "incendium:volcanic_deltas": "2024-08-25 01:13:08 +0000"
    },
    "done": true
  },
  "minecraft:nether/obtain_ancient_debris": {
    "criteria": {
      "ancient_debris": "2024-08-25 01:25:41 +0000"
    },
    "done": true
  },
  "minecraft:adventure/ol_betsy": {
    "criteria": {
      "shot_crossbow": "2024-08-25 01:26:31 +0000"
    },
    "done": true
  },
  "incendium:infernal_dunes/pipeline/unlimited_power": {
    "criteria": {
      "requirement": "2024-08-25 01:42:18 +0000"
    },
    "done": true
  },
  "minecraft:husbandry/plant_seed": {
    "criteria": {
      "wheat": "2024-08-25 02:25:34 +0000"
    },
    "done": true
  },
  "minecraft:husbandry/tame_an_animal": {
    "criteria": {
      "tamed_animal": "2024-08-25 02:54:36 +0000"
    },
    "done": true
  },
  "alexsmobs:alexsmobs/stomp_leafcutter_anthill": {
    "criteria": {
      "ex": "2024-08-25 03:25:01 +0000"
    },
    "done": true
  },
  "alexsmobs:alexsmobs/banana": {
    "criteria": {
      "banana": "2024-08-25 03:22:35 +0000"
    },
    "done": true
  },
  "alexsmobs:alexsmobs/leafcutter_ant_pupa": {
    "criteria": {
      "leafcutter_ant_pupa": "2024-08-25 03:20:48 +0000"
    },
    "done": true
  },
  "DataVersion": 3465
}